place_id,place_name,city,state,match_score,reason
"place-radhanagar-beach-andaman","Radhanagar Beach","Havelock Island","Andaman and Nicobar Islands",42.5,"Low confidence score"
"place-suruli-falls-theni","Suruli Falls","Theni","Tamil Nadu",42.5,"Low confidence score"
"place-meghamalai-theni","Meghamalai (Highwavys Range)","Theni","Tamil Nadu",20,"Low confidence score"
"place-marvel-at-the-victoria-memorial-kolkata","Marvel at the Victoria Memorial","Kolkata","West Bengal",43.33333333333333,"Low confidence score"
"place-rock-garden-tirupati","Rock Garden","Tirupati","Andhra Pradesh",32.5,"Low confidence score"
"place-meenakshi-amman-temple-madurai","Meenakshi Amman Temple","Madurai","Tamil Nadu",26.666666666666664,"Low confidence score"
"place-dudhsagar-falls-nashik","Dudhsagar Falls","Goa","Goa",35,"Low confidence score"
"place-engage-in-the-adventures-of-solang-valley-manali","Engage in the Adventures of Solang Valley","Manali","Himachal Pradesh",35,"Low confidence score"
"place-limestone-caves-baratang-island","Limestone Caves","Baratang Island","Andaman and Nicobar Islands",17.5,"Low confidence score"
"place-bharatpur-beach-andaman","Bharatpur Beach","Neil Island","Andaman and Nicobar Islands",42.5,"Low confidence score"
"place-cellular-jail-andaman","Cellular Jail","Port Blair","Andaman and Nicobar Islands",50,"Low confidence score"
"place-amaravathi-temple-amravati","Amaravathi Temple","Amravati","Andhra Pradesh",42.5,"Low confidence score"
"place-chikhaldara-hill-station-amravati","Chikhaldara Hill Station","Amravati","Andhra Pradesh",25,"Low confidence score"
"place-melghat-tiger-reserve-amravati","Melghat Tiger Reserve","Amravati","Andhra Pradesh",25,"Low confidence score"
"place-lepakshi-anantapur","Lepakshi","Anantapur","Andhra Pradesh",75,"No photo found"
"place-gandikota-fort-kadapa","Gandikota Fort","Kadapa","Andhra Pradesh",27.5,"Low confidence score"
"place-belum-caves-kurnool","Belum Caves","Kurnool","Andhra Pradesh",25,"Low confidence score"
"place-prasanthi-nilayam-puttaparthi","Prasanthi Nilayam","Puttaparthi","Andhra Pradesh",25,"Low confidence score"
"place-papikondalu-rajahmundry","Papikondalu","Rajahmundry","Andhra Pradesh",20,"Low confidence score"
"place-mallikarjuna-swamy-temple-srisailam","Mallikarjuna Swamy Temple","Srisailam","Andhra Pradesh",35,"Low confidence score"
"place-akasaganga-teertham-tirupati","Akasaganga Teertham","Tirupati","Andhra Pradesh",30,"Low confidence score"
"place-brahmotsavam-festival-in-tirupati-tirupati","Brahmotsavam Festival in Tirupati","Tirupati","Andhra Pradesh",41.666666666666664,"Low confidence score"
"place-chakra-teertham-waterfalls-tirupati","Chakra Teertham Waterfalls","Tirupati","Andhra Pradesh",20,"Low confidence score"
"place-chandragiri-palace-fort-tirupati","Chandragiri Palace & Fort","Tirupati","Andhra Pradesh",25,"Low confidence score"
"place-chittoor-tirupati","Chittoor","Tirupati","Andhra Pradesh",50,"Low confidence score"
"place-city-shopping-tirupati","City Shopping","Tirupati","Andhra Pradesh",30,"Low confidence score"
"place-deer-park-tirupati","Deer Park","Tirupati","Andhra Pradesh",45,"Low confidence score"
"place-highway-grand-world-tirupati","Highway Grand World","Tirupati","Andhra Pradesh",30,"Low confidence score"
"place-iskcon-tirupati-tirupati","ISKCON Tirupati","Tirupati","Andhra Pradesh",52.5,"Low confidence score"
"place-japali-teertham-tirupati","Japali Teertham","Tirupati","Andhra Pradesh",30,"Low confidence score"
"place-kanipakam-tirupati","Kanipakam","Tirupati","Andhra Pradesh",30,"Low confidence score"
"place-kodandarama-swamy-temple-tirupati","Kodandarama Swamy Temple","Tirupati","Andhra Pradesh",41.666666666666664,"Low confidence score"
"place-nagalapuram-tirupati","Nagalapuram","Tirupati","Andhra Pradesh",30,"Low confidence score"
"place-regional-science-centre-tirupati","Regional Science Centre","Tirupati","Andhra Pradesh",30,"Low confidence score"
"place-silathoranam-tirupati","Silathoranam","Tirupati","Andhra Pradesh",30,"Low confidence score"
"place-sri-padmavathi-ammavari-temple-tirupati","Sri Padmavathi Ammavari Temple","Tirupati","Andhra Pradesh",41.666666666666664,"Low confidence score"
"place-sri-venkateswara-dhyana-vignan-mandiram-tirupati","Sri Venkateswara Dhyana Vignan Mandiram","Tirupati","Andhra Pradesh",30,"Low confidence score"
"place-srivari-museum-tirupati","Srivari Museum","Tirupati","Andhra Pradesh",30,"Low confidence score"
"place-srivari-padalu-tirupati","Srivari Padalu","Tirupati","Andhra Pradesh",30,"Low confidence score"
"place-swami-pushkarini-lake-tirupati","Swami Pushkarini Lake","Tirupati","Andhra Pradesh",25,"Low confidence score"
"place-ttd-gardens-tirupati","TTD gardens","Tirupati","Andhra Pradesh",20,"Low confidence score"
"place-talakona-waterfall-tirupati","Talakona Waterfall","Tirupati","Andhra Pradesh",20,"Low confidence score"
"place-teppotsavam-tirupati","Teppotsavam","Tirupati","Andhra Pradesh",30,"Low confidence score"
"place-tumburu-teertham-tirupati","Tumburu Teertham","Tirupati","Andhra Pradesh",30,"Low confidence score"
"place-vaikuntha-teertham-tirupati","Vaikuntha Teertham","Tirupati","Andhra Pradesh",30,"Low confidence score"
"place-bhavani-island-vijayawada","Bhavani Island","Vijayawada","Andhra Pradesh",17.5,"Low confidence score"
"place-kanaka-durga-temple-vijayawada","Kanaka Durga Temple","Vijayawada","Andhra Pradesh",33.33333333333333,"Low confidence score"
"place-undavalli-caves-vijayawada","Undavalli Caves","Vijayawada","Andhra Pradesh",17.5,"Low confidence score"
"place-bheemilli-beach-visakhapatnam","Bheemilli beach","Visakhapatnam","Andhra Pradesh",42.5,"Low confidence score"
"place-bojjannakonda-visakhapatnam","Bojjannakonda","Visakhapatnam","Andhra Pradesh",25,"Low confidence score"
"place-borra-caves-visakhapatnam","Borra Caves","Visakhapatnam","Andhra Pradesh",25,"Low confidence score"
"place-buddhist-excavation-visakhapatnam","Buddhist Excavation","Visakhapatnam","Andhra Pradesh",-100,"Low confidence score"
"place-city-shopping-visakhapatnam","City Shopping","Visakhapatnam","Andhra Pradesh",-100,"Low confidence score"
"place-dolphin-s-nose-visakhapatnam","Dolphin's nose","Visakhapatnam","Andhra Pradesh",-100,"Low confidence score"
"place-gangavaram-beach-visakhapatnam","Gangavaram beach","Visakhapatnam","Andhra Pradesh",-100,"Low confidence score"
"place-ins-kurusura-submarine-museum-visakhapatnam","INS Kurusura Submarine Museum","Visakhapatnam","Andhra Pradesh",-100,"Low confidence score"
"place-indira-gandhi-zoological-park-visakhapatnam","Indira Gandhi Zoological Park","Visakhapatnam","Andhra Pradesh",-100,"Low confidence score"
"place-itika-pongal-visakhapatnam","Itika Pongal","Visakhapatnam","Andhra Pradesh",-100,"Low confidence score"
"place-kailasagiri-visakhapatnam","Kailasagiri","Visakhapatnam","Andhra Pradesh",-100,"Low confidence score"
"place-kailasagiri-hill-park-visakhapatnam","Kailasagiri Hill Park","Visakhapatnam","Andhra Pradesh",31.666666666666664,"Low confidence score"
"place-kambalakonda-wildlife-sanctuary-visakhapatnam","Kambalakonda Wildlife Sanctuary","Visakhapatnam","Andhra Pradesh",-100,"Low confidence score"
"place-katiki-waterfalls-visakhapatnam","Katiki Waterfalls","Visakhapatnam","Andhra Pradesh",-100,"Low confidence score"
"place-lambasingi-visakhapatnam","Lambasingi","Visakhapatnam","Andhra Pradesh",-100,"Low confidence score"
"place-lawson-s-bay-beach-visakhapatnam","Lawson's Bay Beach","Visakhapatnam","Andhra Pradesh",-100,"Low confidence score"
"place-matsyadarshini-aquarium-visakhapatnam","Matsyadarshini Aquarium","Visakhapatnam","Andhra Pradesh",-100,"Low confidence score"
"place-rishikonda-beach-visakhapatnam","Rishikonda Beach","Visakhapatnam","Andhra Pradesh",-100,"Low confidence score"
"place-ross-hill-church-visakhapatnam","Ross Hill Church","Visakhapatnam","Andhra Pradesh",-100,"Low confidence score"
"place-simhachalan-temple-visakhapatnam","Simhachalan Temple","Visakhapatnam","Andhra Pradesh",-100,"Low confidence score"
"place-submarine-museum-visakhapatnam","Submarine Museum","Visakhapatnam","Andhra Pradesh",-100,"Low confidence score"
"place-tu-142-aircraft-museum-visakhapatnam","TU 142 Aircraft Museum","Visakhapatnam","Andhra Pradesh",-100,"Low confidence score"
"place-tenneti-park-visakhapatnam","Tenneti Park","Visakhapatnam","Andhra Pradesh",-100,"Low confidence score"
"place-vuda-park-taraka-rama-visakhapatnam","VUDA Park (Taraka Rama)","Visakhapatnam","Andhra Pradesh",-100,"Low confidence score"
"place-victory-at-sea-war-memorial-visakhapatnam","Victory at Sea War Memorial","Visakhapatnam","Andhra Pradesh",-100,"Low confidence score"
"place-war-memorial-visakhapatnam","War memorial","Visakhapatnam","Andhra Pradesh",-100,"Low confidence score"
"place-yarada-beach-visakhapatnam","Yarada Beach","Visakhapatnam","Andhra Pradesh",-100,"Low confidence score"
"place-simhachalam-temple-vizianagaram","Simhachalam Temple","Vizianagaram","Andhra Pradesh",-100,"Low confidence score"
"place-bhadrakali-temple-warangal","Bhadrakali Temple","Warangal","Andhra Pradesh",-100,"Low confidence score"
"place-thousand-pillar-temple-warangal","Thousand Pillar Temple","Warangal","Andhra Pradesh",-100,"Low confidence score"
"place-warangal-fort-warangal","Warangal Fort","Warangal","Andhra Pradesh",-100,"Low confidence score"
"place-ganga-lake-geker-sinying-itanagar","Ganga Lake (Geker Sinying)","Itanagar","Arunachal Pradesh",-100,"Low confidence score"
"place-itanagar-wildlife-sanctuary-itanagar","Itanagar Wildlife Sanctuary","Itanagar","Arunachal Pradesh",-100,"Low confidence score"
"place-jawaharlal-nehru-museum-itanagar","Jawaharlal Nehru Museum","Itanagar","Arunachal Pradesh",-100,"Low confidence score"
"place-tawang-monastery-tawang","Tawang Monastery","Tawang","Arunachal Pradesh",-100,"Low confidence score"
"place-assam-state-museum-guwahati","Assam State Museum","Guwahati","Assam",-100,"Low confidence score"
"place-kamakhya-temple-guwahati","Kamakhya Temple","Guwahati","Assam",-100,"Low confidence score"
"place-pobitora-wildlife-sanctuary-guwahati","Pobitora Wildlife Sanctuary","Guwahati","Assam",-100,"Low confidence score"
"place-umananda-island-guwahati","Umananda Island","Guwahati","Assam",-100,"Low confidence score"
"place-umananda-temple-guwahati","Umananda Temple","Guwahati","Assam",-100,"Low confidence score"
"place-hayagriva-madhava-temple-hajo","Hayagriva Madhava Temple","Hajo","Assam",-100,"Low confidence score"
"place-majuli-island-majuli","Majuli Island","Majuli","Assam",-100,"Low confidence score"
"place-manas-national-park-manas","Manas National Park","Manas","Assam",-100,"Low confidence score"
"place-sivasagar-sivadol-sivasagar","Sivasagar Sivadol","Sivasagar","Assam",-100,"Low confidence score"
"place-ajapala-nigrodha-tree-bodh-gaya","Ajapala Nigrodha Tree","Bodh Gaya","Bihar",-100,"Low confidence score"
"place-animesh-lochana-chaitanya-shrine-bodh-gaya","Animesh Lochana Chaitanya Shrine","Bodh Gaya","Bihar",-100,"Low confidence score"
"place-archaeological-society-of-india-museum-bodh-gaya","Archaeological Society of India Museum","Bodh Gaya","Bihar",-100,"Low confidence score"
"place-bodhgaya-multimedia-museum-bodh-gaya","Bodhgaya Multimedia Museum","Bodh Gaya","Bihar",-100,"Low confidence score"
"place-bodhi-tree-bodh-gaya","Bodhi Tree","Bodh Gaya","Bihar",-100,"Low confidence score"
"place-burmese-vihara-monastery-bodh-gaya","Burmese Vihara Monastery","Bodh Gaya","Bihar",-100,"Low confidence score"
"place-cankamana-bodh-gaya","Cankamana","Bodh Gaya","Bihar",-100,"Low confidence score"
"place-chinese-temple-bodh-gaya","Chinese Temple","Bodh Gaya","Bihar",-100,"Low confidence score"
"place-daijokyo-buddhist-temple-bodh-gaya","Daijokyo Buddhist Temple","Bodh Gaya","Bihar",-100,"Low confidence score"
"place-dungeshwari-hills-bodh-gaya","Dungeshwari Hills","Bodh Gaya","Bihar",-100,"Low confidence score"
"place-great-buddha-statue-bodh-gaya","Great Buddha Statue","Bodh Gaya","Bihar",-100,"Low confidence score"
"place-indosan-nippon-japanese-temple-bodh-gaya","Indosan Nippon Japanese Temple","Bodh Gaya","Bihar",-100,"Low confidence score"
"place-jama-masjid-bodh-gaya","Jama Masjid","Bodh Gaya","Bihar",-100,"Low confidence score"
"place-kundan-bazaar-bodh-gaya","Kundan Bazaar","Bodh Gaya","Bihar",-100,"Low confidence score"
"place-mahabodhi-temple-bodh-gaya","Mahabodhi Temple","Bodh Gaya","Bihar",-100,"Low confidence score"
"place-mahabodhi-temple-complex-book-store-bodh-gaya","Mahabodhi Temple Complex Book store","Bodh Gaya","Bihar",42,"Low confidence score"
"place-muchalinda-lake-bodh-gaya","Muchalinda Lake","Bodh Gaya","Bihar",-100,"Low confidence score"
"place-root-institute-for-wisdom-culture-bodh-gaya","Root Institute for Wisdom Culture","Bodh Gaya","Bihar",-100,"Low confidence score"
"place-royal-bhutan-monastery-bodh-gaya","Royal Bhutan Monastery","Bodh Gaya","Bihar",-100,"Low confidence score"
"place-sujata-kuti-bodh-gaya","Sujata Kuti","Bodh Gaya","Bihar",-100,"Low confidence score"
"place-sujatha-temple-bodh-gaya","Sujatha Temple","Bodh Gaya","Bihar",-100,"Low confidence score"
"place-thai-monastery-bodh-gaya","Thai Monastery","Bodh Gaya","Bihar",-100,"Low confidence score"
"place-tibetan-refugee-market-bodh-gaya","Tibetan Refugee Market","Bodh Gaya","Bihar",-100,"Low confidence score"
"place-vishnupad-temple-bodh-gaya","Vishnupad Temple","Bodh Gaya","Bihar",-100,"Low confidence score"
"place-budhha-smriti-park-patna","Budhha Smriti Park","Patna","Bihar",-100,"Low confidence score"
"place-golghar-patna","Golghar","Patna","Bihar",-100,"Low confidence score"
"place-mahavir-mandir-patna","Mahavir Mandir","Patna","Bihar",-100,"Low confidence score"
"place-patna-museum-patna","Patna Museum","Patna","Bihar",-100,"Low confidence score"
"place-sanjay-gandhi-biological-park-patna","Sanjay Gandhi Biological Park","Patna","Bihar",-100,"Low confidence score"
"place-takhat-shri-harimandir-ji-patna-sahib-patna","Takhat Shri Harimandir Ji Patna Sahib","Patna","Bihar",-100,"Low confidence score"
"place-chitrakote-falls-bastar","Chitrakote Falls","Bastar","Chhattisgarh",-100,"Low confidence score"
"place-diu-fort-diu","Diu Fort","Diu","Dadra and Nagar Haveli and Daman and Diu",-100,"Low confidence score"
"place-naida-caves-diu","Naida Caves","Diu","Dadra and Nagar Haveli and Daman and Diu",-100,"Low confidence score"
"place-a-different-world-in-paharganj-delhi","A Different World in Paharganj","Delhi","Delhi",-100,"Low confidence score"
"place-admire-the-architecture-of-purana-qila-delhi","Admire the architecture of Purana Qila","Delhi","Delhi",-100,"Low confidence score"
"place-adventure-island-delhi","Adventure Island","Delhi","Delhi",-100,"Low confidence score"
"place-agrasen-ki-baoli-delhi","Agrasen ki Baoli","Delhi","Delhi",-100,"Low confidence score"
"place-akshardham-temple-delhi","Akshardham Temple","Delhi","Delhi",-100,"Low confidence score"
"place-bharat-darshan-park-delhi","Bharat Darshan Park","Delhi","Delhi",-100,"Low confidence score"
"place-birla-mandir-delhi-delhi","Birla Mandir Delhi","Delhi","Delhi",-100,"Low confidence score"
"place-chandni-chowk-delhi","Chandni Chowk","Delhi","Delhi",-100,"Low confidence score"
"place-clubbing-in-hauz-khas-village-delhi","Clubbing in Hauz Khas Village","Delhi","Delhi",-100,"Low confidence score"
"place-crafts-museum-delhi","Crafts Museum","Delhi","Delhi",-100,"Low confidence score"
"place-enjoy-the-colours-of-lajpat-nagar-delhi","Enjoy the Colours of Lajpat Nagar","Delhi","Delhi",-100,"Low confidence score"
"place-garden-of-five-senses-delhi","Garden of Five Senses","Delhi","Delhi",46.666666666666664,"Low confidence score"
"place-gurudwara-bangla-sahib-new-delhi-175","Gurudwara Bangla Sahib","Delhi","Delhi",-100,"Low confidence score"
"place-humayun-s-tomb-delhi","Humayun's Tomb","Delhi","Delhi",-100,"Low confidence score"
"place-iskcon-hare-krishna-temple-delhi","ISKCON (Hare Krishna) Temple","Delhi","Delhi",-100,"Low confidence score"
"place-india-gate-delhi","India Gate","Delhi","Delhi",-100,"Low confidence score"
"place-iron-pillar-delhi","Iron Pillar","Delhi","Delhi",-100,"Low confidence score"
"place-jama-masjid-delhi","Jama Masjid","Delhi","Delhi",-100,"Low confidence score"
"place-jantar-mantar-delhi","Jantar Mantar","Delhi","Delhi",-100,"Low confidence score"
"place-kingdom-of-dreams-delhi","Kingdom of Dreams","Delhi","Delhi",-100,"Low confidence score"
"place-kuchesar-delhi","Kuchesar","Delhi","Delhi",-100,"Low confidence score"
"place-lodhi-garden-delhi","Lodhi Garden","Delhi","Delhi",-100,"Low confidence score"
"place-lotus-temple-delhi","Lotus Temple","Delhi","Delhi",-100,"Low confidence score"
"place-mehrauli-archaeological-park-delhi","Mehrauli Archaeological Park","Delhi","Delhi",-100,"Low confidence score"
"place-morning-walk-near-india-gate-delhi","Morning walk near India Gate","Delhi","Delhi",-100,"Low confidence score"
"place-mughal-gardens-delhi","Mughal Gardens","Delhi","Delhi",-100,"Low confidence score"
"place-museum-of-illusions-delhi","Museum of Illusions","Delhi","Delhi",-100,"Low confidence score"
"place-national-gallery-of-modern-art-delhi","National Gallery of Modern Art","Delhi","Delhi",-100,"Low confidence score"
"place-national-science-centre-delhi","National Science Centre","Delhi","Delhi",-100,"Low confidence score"
"place-nehru-memorial-museum-and-library-delhi","Nehru Memorial Museum and Library","Delhi","Delhi",-100,"Low confidence score"
"place-nicholson-cemetery-delhi","Nicholson Cemetery","Delhi","Delhi",-100,"Low confidence score"
"place-nizamuddin-dargah-delhi","Nizamuddin Dargah","Delhi","Delhi",-100,"Low confidence score"
"place-party-at-the-connaught-place-delhi","Party at the Connaught Place","Delhi","Delhi",-100,"Low confidence score"
"place-pick-the-trends-at-sarojini-market-delhi","Pick the Trends at Sarojini Market","Delhi","Delhi",-100,"Low confidence score"
"place-pradhanmantri-sangrahalaya-delhi","Pradhanmantri Sangrahalaya","Delhi","Delhi",35,"Low confidence score"
"place-quwwat-ul-islam-mosque-delhi","Quwwat-ul-Islam Mosque","Delhi","Delhi",-100,"Low confidence score"
"place-rajghat-delhi","Rajghat","Delhi","Delhi",-100,"Low confidence score"
"place-rajpath-delhi","Rajpath","Delhi","Delhi",-100,"Low confidence score"
"place-rashtrapati-bhavan-delhi","Rashtrapati Bhavan","Delhi","Delhi",-100,"Low confidence score"
"place-roam-around-the-shopping-markets-delhi","Roam around the Shopping Markets","Delhi","Delhi",-100,"Low confidence score"
"place-safdarjung-tomb-delhi","Safdarjung Tomb","Delhi","Delhi",-100,"Low confidence score"
"place-savour-the-food-of-khan-market-delhi","Savour the food of Khan Market","Delhi","Delhi",-100,"Low confidence score"
"place-shop-eat-at-dilli-haat-delhi","Shop & Eat at Dilli Haat","Delhi","Delhi",-100,"Low confidence score"
"place-stroll-through-pragati-maidan-delhi","Stroll through Pragati Maidan","Delhi","Delhi",-100,"Low confidence score"
"place-sulabh-international-museum-of-toilets-delhi","Sulabh International Museum of Toilets","Delhi","Delhi",-100,"Low confidence score"
"place-sunder-nursery-delhi","Sunder Nursery","Delhi","Delhi",-100,"Low confidence score"
"place-teen-murti-bhavan-nehru-house-and-nehru-planetarium-delhi","Teen Murti Bhavan (Nehru House) and Nehru Planetarium","Delhi","Delhi",-100,"Low confidence score"
"place-tour-the-national-zoological-park-delhi","Tour the National Zoological Park","Delhi","Delhi",-100,"Low confidence score"
"place-tughlaqabad-fort-delhi","Tughlaqabad Fort","Delhi","Delhi",-100,"Low confidence score"
"place-waste-to-wonder-park-delhi","Waste to Wonder Park","Delhi","Delhi",-100,"Low confidence score"
"place-adventures-of-anjuna-beach-goa","Adventures of Anjuna Beach","Goa","Goa",-100,"Low confidence score"
"place-aguada-beach-goa","Aguada Beach","Goa","Goa",-100,"Low confidence score"
"place-anjuna-flea-market-goa","Anjuna Flea Market","Goa","Goa",-100,"Low confidence score"
"place-arambol-beach-goa","Arambol Beach","Goa","Goa",-100,"Low confidence score"
"place-arvalem-waterfalls-goa","Arvalem Waterfalls","Goa","Goa",-100,"Low confidence score"
"place-basilica-of-bom-jesus-goa","Basilica of Bom Jesus","Goa","Goa",-100,"Low confidence score"
"place-behold-to-dudhsagar-waterfalls-goa","Behold to Dudhsagar Waterfalls","Goa","Goa",-100,"Low confidence score"
"place-betalbatim-beach-goa","Betalbatim Beach","Goa","Goa",-100,"Low confidence score"
"place-bhagwan-mahavir-sanctuary-goa","Bhagwan Mahavir Sanctuary","Goa","Goa",-100,"Low confidence score"
"place-brittos-goa","Brittos","Goa","Goa",35,"Low confidence score"
"place-bungee-jumping-in-goa-goa","Bungee Jumping in Goa","Goa","Goa",-100,"Low confidence score"
"place-butterfly-beach-goa","Butterfly Beach","Goa","Goa",-100,"Low confidence score"
"place-butterfly-conservatory-of-goa-goa","Butterfly Conservatory Of Goa","Goa","Goa",-100,"Low confidence score"
"place-cabo-de-rama-beach-goa","Cabo de Rama Beach","Goa","Goa",-100,"Low confidence score"
"place-calangute-beach-goa","Calangute Beach","Goa","Goa",-100,"Low confidence score"
"place-carnival-in-goa-goa","Carnival in Goa","Goa","Goa",-100,"Low confidence score"
"place-casino-goa","Casino","Goa","Goa",-100,"Low confidence score"
"place-chapora-fort-goa","Chapora Fort","Goa","Goa",-100,"Low confidence score"
"place-church-of-our-lady-of-the-immaculate-conception-goa","Church of Our Lady of the Immaculate Conception","Goa","Goa",-100,"Low confidence score"
"place-church-of-st-francis-of-assisi-goa","Church of St Francis of Assisi","Goa","Goa",-100,"Low confidence score"
"place-church-of-st-cajetan-goa","Church of St. Cajetan","Goa","Goa",-100,"Low confidence score"
"place-club-lpk-love-passion-karma-goa","Club LPK - Love Passion Karma","Goa","Goa",-100,"Low confidence score"
"place-dine-on-a-cruise-goa","Dine on a Cruise","Goa","Goa",-100,"Low confidence score"
"place-divar-island-goa","Divar Island","Goa","Goa",-100,"Low confidence score"
"place-explore-dona-paula-goa","Explore Dona Paula","Goa","Goa",-100,"Low confidence score"
"place-fontainhas-and-sao-tome-goa","Fontainhas and Sao Tome","Goa","Goa",-100,"Low confidence score"
"place-fort-aguada-goa","Fort Aguada","Goa","Goa",-100,"Low confidence score"
"place-fort-tiracol-goa","Fort Tiracol","Goa","Goa",-100,"Low confidence score"
"place-fun-time-in-calangute-beach-goa","Fun time in Calangute Beach","Goa","Goa",-100,"Low confidence score"
"place-go-shopping-in-goa-goa","Go Shopping in Goa","Goa","Goa",-100,"Low confidence score"
"place-grande-island-goa","Grande Island","Goa","Goa",-100,"Low confidence score"
"place-mambos-goa","Mambos","Goa","Goa",-100,"Low confidence score"
"place-mollem-national-park-goa","Mollem National Park","Goa","Goa",-100,"Low confidence score"
"place-monastery-of-st-augustine-goa","Monastery Of St Augustine","Goa","Goa",-100,"Low confidence score"
"place-party-at-the-tito-s-goa","Party at the Tito's","Goa","Goa",35,"Low confidence score"
"place-rejuvenate-by-spas-and-massages-goa","Rejuvenate by Spas and Massages","Goa","Goa",-100,"Low confidence score"
"place-relax-at-the-palolem-beach-goa","Relax at the Palolem beach","Goa","Goa",-100,"Low confidence score"
"place-savoi-plantation-goa","Savoi Plantation","Goa","Goa",-100,"Low confidence score"
"place-scuba-diving-in-goa-goa","Scuba Diving in Goa","Goa","Goa",-100,"Low confidence score"
"place-se-cathedral-goa","Se Cathedral","Goa","Goa",-100,"Low confidence score"
"place-sri-mahadeva-temple-goa","Sri Mahadeva Temple","Goa","Goa",-100,"Low confidence score"
"place-sunburn-festival-goa","Sunburn Festival","Goa","Goa",-100,"Low confidence score"
"place-thalassa-goa","Thalassa","Goa","Goa",-100,"Low confidence score"
"place-water-sports-in-goa-goa","Water Sports in Goa","Goa","Goa",-100,"Low confidence score"
"place-basilica-of-bom-jesus-panaji-222","Basilica of Bom Jesus","Panaji","Goa",-100,"Low confidence score"
"place-dona-paula-panaji","Dona Paula","Panaji","Goa",-100,"Low confidence score"
"place-fort-aguada-panaji-224","Fort Aguada","Panaji","Goa",-100,"Low confidence score"
"place-auda-garden-ahmedabad","AUDA Garden","Ahmedabad","Gujarat",-100,"Low confidence score"
"place-adalaj-step-well-ahmedabad","Adalaj Step Well","Ahmedabad","Gujarat",-100,"Low confidence score"
"place-ahmedabad-one-ahmedabad","Ahmedabad One","Ahmedabad","Gujarat",-100,"Low confidence score"
"place-alpha-one-mall-ahmedabad","Alpha One Mall","Ahmedabad","Gujarat",-100,"Low confidence score"
"place-banascraft-ahmedabad","Banascraft","Ahmedabad","Gujarat",-100,"Low confidence score"
"place-bhadra-fort-teen-darwaza-ahmedabad","Bhadra Fort & Teen Darwaza","Ahmedabad","Gujarat",-100,"Low confidence score"
"place-calico-textile-museum-ahmedabad","Calico Textile Museum","Ahmedabad","Gujarat",-100,"Low confidence score"
"place-city-shopping-ahmedabad","City Shopping","Ahmedabad","Gujarat",-100,"Low confidence score"
"place-dada-bhagwan-temple-ahmedabad","Dada Bhagwan temple","Ahmedabad","Gujarat",-100,"Low confidence score"
"place-dada-hari-wav-ahmedabad","Dada Hari Wav","Ahmedabad","Gujarat",-100,"Low confidence score"
"place-dhanvantari-garden-ahmedabad","Dhanvantari Garden","Ahmedabad","Gujarat",-100,"Low confidence score"
"place-gotila-garden-talav-ahmedabad","Gotila Garden-Talav","Ahmedabad","Gujarat",-100,"Low confidence score"
"place-hathisingh-jain-temple-ahmedabad","Hathisingh Jain Temple","Ahmedabad","Gujarat",-100,"Low confidence score"
"place-iskcon-temple-ahmedabad","ISKCON Temple","Ahmedabad","Gujarat",-100,"Low confidence score"
"place-jhulta-minar-ahmedabad","Jhulta Minar","Ahmedabad","Gujarat",-100,"Low confidence score"
"place-kamala-nehru-zoo-ahmedabad","Kamala Nehru Zoo","Ahmedabad","Gujarat",-100,"Low confidence score"
"place-kankaria-lake-ahmedabad","Kankaria Lake","Ahmedabad","Gujarat",-100,"Low confidence score"
"place-kapasi-handicraft-emporium-ahmedabad","Kapasi Handicraft Emporium","Ahmedabad","Gujarat",-100,"Low confidence score"
"place-kite-museum-ahmedabad","Kite Museum","Ahmedabad","Gujarat",-100,"Low confidence score"
"place-lal-darwaza-ahmedabad","Lal Darwaza","Ahmedabad","Gujarat",-100,"Low confidence score"
"place-lalbhai-dalpatbhai-museum-ahmedabad","Lalbhai Dalpatbhai Museum","Ahmedabad","Gujarat",-100,"Low confidence score"
"place-law-garden-night-market-ahmedabad","Law Garden Night Market","Ahmedabad","Gujarat",-100,"Low confidence score"
"place-lothal-ahmedabad","Lothal","Ahmedabad","Gujarat",-100,"Low confidence score"
"place-manek-chowk-ahmedabad","Manek Chowk","Ahmedabad","Gujarat",-100,"Low confidence score"
"place-modhera-sun-temple-ahmedabad","Modhera Sun Temple","Ahmedabad","Gujarat",-100,"Low confidence score"
"place-nehru-bridge-ahmedabad","Nehru Bridge","Ahmedabad","Gujarat",-100,"Low confidence score"
"place-one-tree-hill-garden-ahmedabad","One Tree Hill Garden","Ahmedabad","Gujarat",-100,"Low confidence score"
"place-r3-the-mall-ahmedabad","R3 The Mall","Ahmedabad","Gujarat",-100,"Low confidence score"
"place-radhe-shopping-mall-ahmedabad","Radhe Shopping Mall","Ahmedabad","Gujarat",-100,"Low confidence score"
"place-rani-ki-vav-ahmedabad","Rani ki Vav","Ahmedabad","Gujarat",-100,"Low confidence score"
"place-sabarmati-ashram-ahmedabad","Sabarmati Ashram","Ahmedabad","Gujarat",-100,"Low confidence score"
"place-sabarmati-riverfront-ahmedabad","Sabarmati Riverfront","Ahmedabad","Gujarat",-100,"Low confidence score"
"place-sanskar-kendra-ahmedabad","Sanskar Kendra","Ahmedabad","Gujarat",-100,"Low confidence score"
"place-sardar-vallabhai-patel-national-museum-ahmedabad","Sardar Vallabhai Patel National Museum","Ahmedabad","Gujarat",-100,"Low confidence score"
"place-sarkhej-roza-ahmedabad","Sarkhej Roza","Ahmedabad","Gujarat",-100,"Low confidence score"
"place-science-city-ahmedabad","Science City","Ahmedabad","Gujarat",-100,"Low confidence score"
"place-shree-camp-hanuman-mandir-ahmedabad","Shree Camp Hanuman Mandir","Ahmedabad","Gujarat",-100,"Low confidence score"
"place-sidi-saiyyed-mosque-ahmedabad","Sidi Saiyyed Mosque","Ahmedabad","Gujarat",-100,"Low confidence score"
"place-statue-of-unity-ahmedabad","Statue of Unity","Ahmedabad","Gujarat",-100,"Low confidence score"
"place-swaminarayan-temple-ahmedabad","Swaminarayan Temple","Ahmedabad","Gujarat",-100,"Low confidence score"
"place-tomb-of-ahmed-shah-and-ahmed-shah-s-mosque-ahmedabad","Tomb of Ahmed Shah and Ahmed Shah's Mosque.","Ahmedabad","Gujarat",-100,"Low confidence score"
"place-vadla-ahmedabad","Vadla","Ahmedabad","Gujarat",-100,"Low confidence score"
"place-vaishnodevi-temple-ahmedabad","Vaishnodevi Temple","Ahmedabad","Gujarat",-100,"Low confidence score"
"place-vastrapur-lake-ahmedabad","Vastrapur Lake","Ahmedabad","Gujarat",-100,"Low confidence score"
"place-vechaar-utensils-museum-ahmedabad","Vechaar Utensils Museum","Ahmedabad","Gujarat",-100,"Low confidence score"
"place-victoria-garden-ahmedabad","Victoria Garden","Ahmedabad","Gujarat",-100,"Low confidence score"
"place-world-vintage-car-museum-ahmedabad","World Vintage Car Museum","Ahmedabad","Gujarat",-100,"Low confidence score"
"place-white-desert-bhuj","White Desert","Bhuj","Gujarat",50,"Low confidence score"
"place-dwarkadhish-temple-mathura","Dwarkadhish Temple","Dwarka","Gujarat",-100,"Low confidence score"
"place-dandi-kutir-gandhinagar","Dandi Kutir","Gandhinagar","Gujarat",-100,"Low confidence score"
"place-statue-of-unity-kevadia-277","Statue of Unity","Kevadia","Gujarat",-100,"Low confidence score"
"place-rann-utsav-rann-of-kutch","Rann Utsav","Rann of Kutch","Gujarat",-100,"Low confidence score"
"place-somnath-temple-somnath","Somnath Temple","Somnath","Gujarat",-100,"Low confidence score"
"place-dutch-garden-surat","Dutch Garden","Surat","Gujarat",-100,"Low confidence score"
"place-jagdishchandra-bose-aquarium-surat","Jagdishchandra Bose Aquarium","Surat","Gujarat",-100,"Low confidence score"
"place-sarthana-nature-park-surat","Sarthana Nature Park","Surat","Gujarat",-100,"Low confidence score"
"place-baroda-golf-club-vadodara","Baroda Golf Club","Vadodara","Gujarat",-100,"Low confidence score"
"place-laxmi-vilas-palace-vadodara","Laxmi Vilas Palace","Vadodara","Gujarat",-100,"Low confidence score"
"place-sayaji-garden-vadodara","Sayaji Garden","Vadodara","Gujarat",-100,"Low confidence score"
"place-badkhal-lake-faridabad","Badkhal Lake","Faridabad","Haryana",-100,"Low confidence score"
"place-raja-nahar-singh-palace-faridabad","Raja Nahar Singh Palace","Faridabad","Haryana",-100,"Low confidence score"
"place-surajkund-lake-faridabad","Surajkund Lake","Faridabad","Haryana",-100,"Low confidence score"
"place-cyber-hub-gurgaon","Cyber Hub","Gurgaon","Haryana",-100,"Low confidence score"
"place-damdama-lake-gurgaon","Damdama Lake","Gurgaon","Haryana",-100,"Low confidence score"
"place-kingdom-of-dreams-gurgaon-291","Kingdom of Dreams","Gurgaon","Haryana",-100,"Low confidence score"
"place-ambience-mall-gurugram","Ambience Mall","Gurugram","Haryana",-100,"Low confidence score"
"place-dlf-cyberhub-gurugram","DLF CyberHub","Gurugram","Haryana",-100,"Low confidence score"
"place-kingdom-of-dreams-gurugram-294","Kingdom of Dreams","Gurugram","Haryana",-100,"Low confidence score"
"place-barot-valley-barot","Barot Valley","Barot","Himachal Pradesh",-100,"Low confidence score"
"place-paragliding-site-bir-billing","Paragliding Site","Bir Billing","Himachal Pradesh",-100,"Low confidence score"
"place-chamera-lake-dalhousie","Chamera Lake","Chamba","Himachal Pradesh",-100,"Low confidence score"
"place-bakrota-hills-or-upper-bakrota-dalhousie","Bakrota Hills or Upper Bakrota","Dalhousie","Himachal Pradesh",-100,"Low confidence score"
"place-bhuri-singh-museum-dalhousie","Bhuri Singh Museum","Dalhousie","Himachal Pradesh",35,"Low confidence score"
"place-chamba-dalhousie","Chamba","Dalhousie","Himachal Pradesh",-100,"Low confidence score"
"place-chamera-lake-dalhousie-301","Chamera Lake","Dalhousie","Himachal Pradesh",-100,"Low confidence score"
"place-chamunda-devi-temple-dalhousie","Chamunda Devi Temple","Dalhousie","Himachal Pradesh",-100,"Low confidence score"
"place-city-shopping-dalhousie","City Shopping","Dalhousie","Himachal Pradesh",-100,"Low confidence score"
"place-dainkund-peak-dalhousie","Dainkund Peak","Dalhousie","Himachal Pradesh",-100,"Low confidence score"
"place-dainkund-to-jot-trek-dalhousie","Dainkund to Jot Trek","Dalhousie","Himachal Pradesh",-100,"Low confidence score"
"place-ganji-pahari-dalhousie","Ganji Pahari","Dalhousie","Himachal Pradesh",-100,"Low confidence score"
"place-garam-sadak-dalhousie","Garam Sadak","Dalhousie","Himachal Pradesh",-100,"Low confidence score"
"place-indo-tibetan-market-dalhousie","Indo Tibetan Market","Dalhousie","Himachal Pradesh",-100,"Low confidence score"
"place-kalatop-wildlife-sanctuary-dalhousie","Kalatop wildlife sanctuary","Dalhousie","Himachal Pradesh",-100,"Low confidence score"
"place-khajjiar-lake-dalhousie","Khajjiar Lake","Dalhousie","Himachal Pradesh",-100,"Low confidence score"
"place-laxmi-narayan-temple-dalhousie-dalhousie","Laxmi Narayan Temple Dalhousie","Dalhousie","Himachal Pradesh",-100,"Low confidence score"
"place-panch-pulla-dalhousie","Panch Pulla","Dalhousie","Himachal Pradesh",-100,"Low confidence score"
"place-paragliding-at-khajjiar-dalhousie","Paragliding at Khajjiar","Dalhousie","Himachal Pradesh",-100,"Low confidence score"
"place-river-crossing-and-river-rafting-dalhousie","River Crossing and River Rafting","Dalhousie","Himachal Pradesh",-100,"Low confidence score"
"place-rock-climbing-dalhousie","Rock Climbing","Dalhousie","Himachal Pradesh",-100,"Low confidence score"
"place-rock-garden-dalhousie","Rock Garden","Dalhousie","Himachal Pradesh",-100,"Low confidence score"
"place-sach-pass-dalhousie","Sach Pass","Dalhousie","Himachal Pradesh",-100,"Low confidence score"
"place-satdhara-falls-dalhousie","Satdhara Falls","Dalhousie","Himachal Pradesh",-100,"Low confidence score"
"place-st-patricks-church-dalhousie","St Patricks Church","Dalhousie","Himachal Pradesh",-100,"Low confidence score"
"place-st-francis-church-dalhousie","St. Francis Church","Dalhousie","Himachal Pradesh",-100,"Low confidence score"
"place-st-john-church-dalhousie","St. John Church","Dalhousie","Himachal Pradesh",-100,"Low confidence score"
"place-subhash-baoli-dalhousie","Subhash Baoli","Dalhousie","Himachal Pradesh",-100,"Low confidence score"
"place-trekking-dalhousie","Trekking","Dalhousie","Himachal Pradesh",-100,"Low confidence score"
"place-kangra-fort-mcleodganj","Kangra Fort","Kangra","Himachal Pradesh",-100,"Low confidence score"
"place-baptist-church-kasauli","Baptist Church","Kasauli","Himachal Pradesh",-100,"Low confidence score"
"place-christ-anglican-church-kasauli","Christ (Anglican) Church","Kasauli","Himachal Pradesh",-100,"Low confidence score"
"place-gilbert-trail-kasauli","Gilbert Trail","Kasauli","Himachal Pradesh",-100,"Low confidence score"
"place-gurka-fort-kasauli","Gurka Fort","Kasauli","Himachal Pradesh",20,"Low confidence score"
"place-gurudwara-shri-guru-nanakji-kasauli","Gurudwara Shri Guru Nanakji","Kasauli","Himachal Pradesh",-100,"Low confidence score"