city_id,city_name,state,state_code,district,latitude,longitude,tourism_relevance,major_attractions_found,source,source_url,verification_status
CT-0500,Kohima,Nagaland,NL,Kohima,25.6751,94.1086,"State capital; WWII battle site, Hornbill Festival host",5,Club Mahindra / Incredible India,https://www.clubmahindra.com/blog/places-to-visit/best-places-to-visit-in-nagaland,VERIFIED
CT-0501,Dimapur,Nagaland,NL,Dimapur,25.9091,93.7266,Commercial gateway city; 10th-century Kachari ruins,4,TravelTriangle / Oddessemania,https://traveltriangle.com/blog/places-to-visit-in-nagaland/,VERIFIED
CT-0502,Mokokchung,Nagaland,NL,Mokokchung,26.3236,94.5153,"Cultural capital of Ao tribe; hill views, heritage villages",2,Oddessemania / Club Mahindra,https://oddessemania.in/tourist-places-in-nagaland/,VERIFIED
CT-0503,Mon,Nagaland,NL,Mon,26.7333,95.05,"Konyak Naga tribal heritage, Longwa village",1,Oddessemania,https://oddessemania.in/tourist-places-in-nagaland/,VERIFIED
CT-0504,Wokha,Nagaland,NL,Wokha,26.1,94.2667,"Doyang River/Reservoir, Amur Falcon migratory bird site",1,Oddessemania,https://oddessemania.in/tourist-places-in-nagaland/,VERIFIED
CT-0505,Kavaratti,Lakshadweep,LD,Lakshadweep,10.5669,72.642,Capital island of Lakshadweep UT; lagoons and marine museum,2,Thomas Cook / Holidify,https://www.thomascook.in/blog/india-holidays/10-places-to-visit-in-lakshadweep/,VERIFIED
CT-0506,Agatti Island,Lakshadweep,LD,Lakshadweep,10.8459,72.1958,"Only island with an airport; lagoons, colonial-era lighthouse",2,MakeMyTrip / GoIndiGo,https://www.goindigo.in/get-inspired/lakshadweep-travel-guide.html,VERIFIED
CT-0507,Bangaram Island,Lakshadweep,LD,Lakshadweep,10.9317,72.2833,Largest atoll island; scuba diving and water sports,1,SetMyTrip,https://www.setmytrip.in/places-to-visit-in-the-lakshadweep-islands/,VERIFIED
CT-0508,Kadmat Island,Lakshadweep,LD,Lakshadweep,11.2167,72.7833,Dual-lagoon island popular for snorkelling & diving,1,Holidify,https://www.holidify.com/places/lakshadweep-islands/sightseeing-and-things-to-do.html,VERIFIED
CT-0509,Kalpeni Island,Lakshadweep,LD,Lakshadweep,10.0967,73.6417,"Coral reefs, historic mosque, lagoon sandbanks",2,GoIndiGo,https://www.goindigo.in/get-inspired/lakshadweep-travel-guide.html,VERIFIED
CT-0510,Minicoy Island,Lakshadweep,LD,Lakshadweep,8.2833,73.05,"Southernmost island, distinct Mahl culture, lighthouse",1,SetMyTrip,https://www.setmytrip.in/places-to-visit-in-the-lakshadweep-islands/,VERIFIED
CT-0511,Raipur,Chhattisgarh,CG,Raipur,21.2514,81.6296,"State capital; museums, zoo, lakes",3,Holidify / Banasri Tourism,https://www.holidify.com/state/chattisgarh/top-destinations-places-to-visit.html,VERIFIED
CT-0512,Jagdalpur,Chhattisgarh,CG,Bastar,19.0748,82.0281,Bastar district HQ; gateway to Kanger Valley National Park and Chitrakote Falls,3,Banasri Tourism / Godigit,https://banasri.in/top-30-tourist-destinations-in-chhattisgarh/,VERIFIED
CT-0513,Dongargarh,Chhattisgarh,CG,Rajnandgaon,21.19,80.76,Hilltop Bambleshwari Devi temple; major pilgrimage site,1,Banasri Tourism,https://banasri.in/top-30-tourist-destinations-in-chhattisgarh/,VERIFIED
CT-0514,Sirpur,Chhattisgarh,CG,Mahasamund,21.345,82.185,Ancient Buddhist and Hindu archaeological town on the Mahanadi River,1,Chhattisgarh Tourism,https://chhattisgarhtourism.co.in/tourist-destinations-of-chhattisgarh.html,VERIFIED
CT-0515,Netarhat,Jharkhand,JH,Latehar,23.47,84.2667,"Chotanagpur plateau's highest hill station, known as 'Queen of Chotanagpur'",3,Holidify / Hiranpur.in,https://www.holidify.com/places/netarhat/sightseeing-and-things-to-do.html,VERIFIED
CT-0516,Betla,Jharkhand,JH,Latehar,23.88,84.19,"Betla National Park, one of India's oldest tiger reserves",2,TravelSetu,https://travelsetu.com/guide/jharkhand-tourism/places-to-visit-in-jharkhand,VERIFIED
CT-0517,Hazaribagh,Jharkhand,JH,Hazaribagh,23.9925,85.3637,Forest town with wildlife sanctuary and rock formations,1,Sea Water Sports / MakeMyTrip,https://seawatersports.com/places/jharkhand/hazaribagh-in-jharkhand,VERIFIED
CT-0518,Giridih,Jharkhand,JH,Giridih,24.19,86.31,"Gateway to Parasnath Hill, the holiest Jain pilgrimage site in Jharkhand",1,godigit,https://www.godigit.com/explore/tourist-attractions/best-tourist-places-in-jharkhand,VERIFIED
CT-0519,Jorhat,Assam,AS,Jorhat,26.7509,94.2037,"Tea capital of India, cultural capital of Assam; gateway to Majuli",2,Holidify / TripCrafters,https://www.holidify.com/state/jharkhand/top-destinations-places-to-visit.html,VERIFIED
CT-0520,Tezpur,Assam,AS,Sonitpur,26.6338,92.8,'City of Eternal Romance' on the Brahmaputra; ancient monuments and gateway to Nameri National Park,3,TripCrafters / Travelatlass,https://www.tripcrafters.com/travel/tourist-places-to-visit-in-assam,VERIFIED
CT-0521,Dibrugarh,Assam,AS,Dibrugarh,27.4728,94.912,'Tea City of India' on the Brahmaputra; major tea garden tourism hub,2,TourMyIndia,https://www.tourmyindia.com/states/assam/dibrugarh.html,VERIFIED
CT-0522,Silchar,Assam,AS,Cachar,24.8333,92.7789,Headquarters of Barak Valley; temples and colonial-era heritage,2,Travenjo,https://travenjo.com/places-to-visit-in-assam/,VERIFIED
CT-0523,Haflong,Assam,AS,Dima Hasao,25.1667,93.0167,Assam's only hill station; lake and scenic valleys,1,Travelatlass,https://travelatlass.com/top-15-tourist-places-in-assam-discover-the-best-of-assam/,VERIFIED
