city_id,city_name,state,state_code,district,latitude,longitude,destination_type,description,ideal_duration_days,best_time_to_visit,budget_level,is_major_destination,tourist_place_count,coverage_status,source,last_verified
CT-0001,Baratang Island,Andaman and Nicobar Islands,ST-01,,,,,,,,,False,1,NEEDS_EXTENSIVE_RESEARCH,Merged: WanderSphere_cities + Cities.csv + City.csv + derived from place records,
CT-0002,Havelock Island,Andaman and Nicobar Islands,ST-01,,,,,,,,,False,1,NEEDS_EXTENSIVE_RESEARCH,Merged: WanderSphere_cities + Cities.csv + City.csv + derived from place records,
CT-0003,Neil Island,Andaman and Nicobar Islands,ST-01,,,,,,,,,False,1,NEEDS_EXTENSIVE_RESEARCH,Merged: WanderSphere_cities + Cities.csv + City.csv + derived from place records,
CT-0004,Port Blair,Andaman and Nicobar Islands,ST-01,Andamans,,,,,,,,False,1,NEEDS_EXTENSIVE_RESEARCH,Merged: WanderSphere_cities + Cities.csv + City.csv + derived from place records,
CT-0005,Amravati,Andhra Pradesh,ST-02,Amravati,,,,,,,,False,3,NEEDS_EXTENSIVE_RESEARCH,Merged: WanderSphere_cities + Cities.csv + City.csv + derived from place records,
CT-0006,Anantapur,Andhra Pradesh,ST-02,Anantapur,,,,,,,,False,1,NEEDS_EXTENSIVE_RESEARCH,Merged: WanderSphere_cities + Cities.csv + City.csv + derived from place records,
CT-0007,Guntur,Andhra Pradesh,ST-02,Guntur,,,,,,,,False,1,NEEDS_EXTENSIVE_RESEARCH,Merged: WanderSphere_cities + Cities.csv + City.csv + derived from place records,
CT-0008,Kadapa,Andhra Pradesh,ST-02,,,,,,,,,False,1,NEEDS_EXTENSIVE_RESEARCH,Merged: WanderSphere_cities + Cities.csv + City.csv + derived from place records,
CT-0009,Kurnool,Andhra Pradesh,ST-02,Kurnool,,,,,,,,False,1,NEEDS_EXTENSIVE_RESEARCH,Merged: WanderSphere_cities + Cities.csv + City.csv + derived from place records,
CT-0010,Puttaparthi,Andhra Pradesh,ST-02,,,,,,,,,False,1,NEEDS_EXTENSIVE_RESEARCH,Merged: WanderSphere_cities + Cities.csv + City.csv + derived from place records,
CT-0011,Rajahmundry,Andhra Pradesh,ST-02,East Godavari,,,,,,,,False,1,NEEDS_EXTENSIVE_RESEARCH,Merged: WanderSphere_cities + Cities.csv + City.csv + derived from place records,
CT-0012,Srisailam,Andhra Pradesh,ST-02,,,,Lake & Backwater,"At a distance of 160 km from Nandyal, 181 km from Kurnool, 229 km from Hyderabad, 263 km from Vijayawada and 527 km from Bangalore, Srisailam is one of the twelve Jyotirlingas of Lord Shiva situated on the banks of River Krishna in Kurnool district of Andhra Pradesh. It is one of the most important pilgrimage centers of Lord Shiva in India and also one of the top Places to visit in Andhra. Srisail...",,,,False,1,NEEDS_EXTENSIVE_RESEARCH,Merged: WanderSphere_cities + Cities.csv + City.csv + derived from place records,
CT-0013,Tirupati,Andhra Pradesh,ST-02,Chittoor,,,Pilgrimage,"At a distance of 71 km from Chittoor, 413 km from Vijayawada, 556 km from Hyderabad, 763 km from Vizag, 134 km from Chennai and 259 km from Bangalore, Tirupati is a pilgrimage city in the extreme southeast of Andhra Pradesh in Chittoor district. It is often referred as a synonym to Tirumala (called as Tirumala Tirupati), which is a sacred temple town famous for Sri Venkateswara Temple also known a...",1-2,September-March,,True,27,COMPLETE,Merged: WanderSphere_cities + Cities.csv + City.csv + derived from place records,
CT-0014,Vijayawada,Andhra Pradesh,ST-02,Krishna,,,,,,,,False,3,NEEDS_EXTENSIVE_RESEARCH,Merged: WanderSphere_cities + Cities.csv + City.csv + derived from place records,
CT-0015,Visakhapatnam,Andhra Pradesh,ST-02,Visakhapatnam,,,,,2-3,,,True,27,COMPLETE,Merged: WanderSphere_cities + Cities.csv + City.csv + derived from place records,
CT-0016,Vizianagaram,Andhra Pradesh,ST-02,Vizianagaram,,,,,,,,False,1,NEEDS_EXTENSIVE_RESEARCH,Merged: WanderSphere_cities + Cities.csv + City.csv + derived from place records,
CT-0017,Warangal,Andhra Pradesh,ST-02,Warangal,,,,,,,,False,3,NEEDS_EXTENSIVE_RESEARCH,Merged: WanderSphere_cities + Cities.csv + City.csv + derived from place records,
CT-0018,Itanagar,Arunachal Pradesh,ST-03,Papum Pare,,,,,,,,False,3,NEEDS_EXTENSIVE_RESEARCH,Merged: WanderSphere_cities + Cities.csv + City.csv + derived from place records,
CT-0019,Tawang,Arunachal Pradesh,ST-03,Tawang,,,,,,,,False,1,NEEDS_EXTENSIVE_RESEARCH,Merged: WanderSphere_cities + Cities.csv + City.csv + derived from place records,
CT-0020,Guwahati,Assam,ST-04,Kamrup,,,City,"At a distance of 8 km from Dispur, 95 km from Shillong, 110 km from Nagaon, 159 km from Tezpur, 360 km from Agartala, 414 km from Dibrugarh, 452 km from Imphal, 467 km from Darjeeling, 504 km from Gangtok, 786 km from Darbhanga and 923 km from Patna, Guwahati, also known as the 'City of Eastern Light', is the largest city in the Indian state of Assam. Situated on the banks of Brahmaputra River, Gu...",,,,False,5,NEEDS_RESEARCH,Merged: WanderSphere_cities + Cities.csv + City.csv + derived from place records,
CT-0021,Hajo,Assam,ST-04,,,,,,,,,False,1,NEEDS_EXTENSIVE_RESEARCH,Merged: WanderSphere_cities + Cities.csv + City.csv + derived from place records,
CT-0022,Kaziranga,Assam,ST-04,,,,,,,,,False,1,NEEDS_EXTENSIVE_RESEARCH,Merged: WanderSphere_cities + Cities.csv + City.csv + derived from place records,
CT-0023,Kaziranga National Park,Assam,ST-04,,,,Wildlife,"At a distance of 67 km from Golaghat, 80 km from Tezpur, 88 km from Jorhat, 216 km from Kohima, 217 km from Guwahati, 230 km from Dibrugarh and 277 km from Shillong, Kaziranga is a national park in the Golaghat and Nagaon districts of Assam, India. Known worldwide for its Rhino population, it is one of the most picturesque wildlife sanctuaries in India and among the best places to visit in Assam.S...",1-2,,,False,1,NEEDS_EXTENSIVE_RESEARCH,Merged: WanderSphere_cities + Cities.csv + City.csv + derived from place records,
CT-0024,Majuli,Assam,ST-04,,,,,,,,,False,1,NEEDS_EXTENSIVE_RESEARCH,Merged: WanderSphere_cities + Cities.csv + City.csv + derived from place records,
CT-0025,Manas,Assam,ST-04,,,,,,,,,False,1,NEEDS_EXTENSIVE_RESEARCH,Merged: WanderSphere_cities + Cities.csv + City.csv + derived from place records,
CT-0026,Sivasagar,Assam,ST-04,,,,,,,,,False,1,NEEDS_EXTENSIVE_RESEARCH,Merged: WanderSphere_cities + Cities.csv + City.csv + derived from place records,
CT-0027,Bodh Gaya,Bihar,ST-05,Gaya,,,,,1-3,,,True,24,COMPLETE,Merged: WanderSphere_cities + Cities.csv + City.csv + derived from place records,
CT-0028,Patna,Bihar,ST-05,Patna,,,,,,,,False,6,NEEDS_RESEARCH,Merged: WanderSphere_cities + Cities.csv + City.csv + derived from place records,
CT-0029,Bastar,Chhattisgarh,ST-07,,,,,,,,,False,1,NEEDS_EXTENSIVE_RESEARCH,Merged: WanderSphere_cities + Cities.csv + City.csv + derived from place records,
CT-0030,Diu,Dadra and Nagar Haveli and Daman and Diu,ST-08,Diu,,,,,,,,False,2,NEEDS_EXTENSIVE_RESEARCH,Merged: WanderSphere_cities + Cities.csv + City.csv + derived from place records,
CT-0031,Delhi,Delhi,ST-09,,,,,,3-5,OctoberMarch,,True,52,COMPLETE,Merged: WanderSphere_cities + Cities.csv + City.csv + derived from place records,
CT-0032,New Delhi,Delhi,ST-09,,,,,,,,,False,1,NEEDS_EXTENSIVE_RESEARCH,Merged: WanderSphere_cities + Cities.csv + City.csv + derived from place records,
CT-0033,Goa,Goa,ST-10,,,,,,3-7,November-February,,True,46,COMPLETE,Merged: WanderSphere_cities + Cities.csv + City.csv + derived from place records,
CT-0034,Panaji,Goa,ST-10,North Goa ,,,,,,,,False,3,NEEDS_EXTENSIVE_RESEARCH,Merged: WanderSphere_cities + Cities.csv + City.csv + derived from place records,
CT-0035,Ahmedabad,Gujarat,ST-11,Ahmadabad,,,Historical & Heritage,"Ahmedabad is the largest city and also the former capital of Gujarat. Situated on the banks of the River Sabarmati, it is one of the popular places of places to visit in Gujarat. It is about 29 km from Gandhinagar, and 534 km from Mumbai.Ahmedabad is India's first UNESCO World Heritage City and is also regarded as one of the fastest-growing cities in India. Also known as Amdavad, the city of Ahmed...",1-2,,,True,48,COMPLETE,Merged: WanderSphere_cities + Cities.csv + City.csv + derived from place records,
CT-0036,Bhuj,Gujarat,ST-11,Kachchh,,,,,,,,False,1,NEEDS_EXTENSIVE_RESEARCH,Merged: WanderSphere_cities + Cities.csv + City.csv + derived from place records,
CT-0037,Dwarka,Gujarat,ST-11,Jamnagar,,,Pilgrimage,"Dwarka is one of the most significant pilgrimage sites near Rajkot, and among the best places to visit in Gujarat. It is about 224 km from Rajkot, and 442 km from Ahmedabad.Located on the western tip of the Saurashtra peninsula in Gujarat, Dwarka is popularly known as the 'home of Lord Krishna' and is believed to have been the first capital of Gujarat. Also, Dwarka is one of the foremost Char Dham...",,,,False,1,NEEDS_EXTENSIVE_RESEARCH,Merged: WanderSphere_cities + Cities.csv + City.csv + derived from place records,
CT-0038,Gandhinagar,Gujarat,ST-11,Gandhinagar,,,,,,,,False,1,NEEDS_EXTENSIVE_RESEARCH,Merged: WanderSphere_cities + Cities.csv + City.csv + derived from place records,
CT-0039,Junagadh,Gujarat,ST-11,Junagadh,,,,,,,,False,1,NEEDS_EXTENSIVE_RESEARCH,Merged: WanderSphere_cities + Cities.csv + City.csv + derived from place records,
CT-0040,Kevadia,Gujarat,ST-11,,,,,,,,,False,1,NEEDS_EXTENSIVE_RESEARCH,Merged: WanderSphere_cities + Cities.csv + City.csv + derived from place records,
CT-0041,Rann of Kutch,Gujarat,ST-11,,,,Historical & Heritage,"With the Thar Desert on one side and the Arabian Sea on the other side, Rann of Kutch is a spellbinding marvel of sand and salt. About 80 km from Bhuj, and 413 km from Ahmedabad, it is one of the top places to visit in India, and among the must include places in Gujarat packages.It lies between the Gulf of Kutch and the Indus River in Pakistan and comprises flatlands of salty clay located about 15...",,,,False,1,NEEDS_EXTENSIVE_RESEARCH,Merged: WanderSphere_cities + Cities.csv + City.csv + derived from place records,
CT-0042,Somnath,Gujarat,ST-11,,,,Pilgrimage,"Somnath is a temple town situated in the Gir Somnath district of Gujarat. Also known as Prabhas Patan, it is one of the most important places of pilgrimage in India, and among the prominent places to visit in Gujarat. It is about 197 km from Rajkot, and 408 km from Ahmedabad.The town of Somnath is famous for the Somnath Temple, among the must include places in Somnath packages. Dedicated to Lord S...",,,,False,1,NEEDS_EXTENSIVE_RESEARCH,Merged: WanderSphere_cities + Cities.csv + City.csv + derived from place records,
CT-0043,Surat,Gujarat,ST-11,Surat,,,,,,,,False,3,NEEDS_EXTENSIVE_RESEARCH,Merged: WanderSphere_cities + Cities.csv + City.csv + derived from place records,
CT-0044,Vadodara,Gujarat,ST-11,Vadodara,,,,,,,,False,3,NEEDS_EXTENSIVE_RESEARCH,Merged: WanderSphere_cities + Cities.csv + City.csv + derived from place records,
CT-0045,Faridabad,Haryana,ST-12,Faridabad,,,,,,,,False,3,NEEDS_EXTENSIVE_RESEARCH,Merged: WanderSphere_cities + Cities.csv + City.csv + derived from place records,
CT-0046,Gurgaon,Haryana,ST-12,Gurgaon,,,,,,,,False,3,NEEDS_EXTENSIVE_RESEARCH,Merged: WanderSphere_cities + Cities.csv + City.csv + derived from place records,
CT-0047,Gurugram,Haryana,ST-12,,,,,,,,,False,3,NEEDS_EXTENSIVE_RESEARCH,Merged: WanderSphere_cities + Cities.csv + City.csv + derived from place records,
CT-0048,Barot,Himachal Pradesh,ST-13,,,,,,,,,False,1,NEEDS_EXTENSIVE_RESEARCH,Merged: WanderSphere_cities + Cities.csv + City.csv + derived from place records,
CT-0049,Bir Billing,Himachal Pradesh,ST-13,,,,,,,,,False,1,NEEDS_EXTENSIVE_RESEARCH,Merged: WanderSphere_cities + Cities.csv + City.csv + derived from place records,
CT-0050,Chamba,Himachal Pradesh,ST-13,Chamba,,,,,,,,False,1,NEEDS_EXTENSIVE_RESEARCH,Merged: WanderSphere_cities + Cities.csv + City.csv + derived from place records,
CT-0051,Dalhousie,Himachal Pradesh,ST-13,Chamba,,,Hill Station,"Located at an altitude of 1,970 m, Dalhousie is one of the famous hill stations in Himachal, and among the popular places to visit near Chandigarh. It is located about 319 km from Chandigarh, and 564 km from Delhi.Surrounded by snow-capped mountains, Dalhousie is located on the western edge of the Dhauladhar mountain range of the Himalayas. It is hill stations near Delhi, and among the best places...",2-3,,,True,26,COMPLETE,Merged: WanderSphere_cities + Cities.csv + City.csv + derived from place records,
CT-0051,dalhousie,Himachal Pradesh,ST-13,Chamba,,,Hill Station,"Located at an altitude of 1,970 m, Dalhousie is one of the famous hill stations in Himachal, and among the popular places to visit near Chandigarh. It is located about 319 km from Chandigarh, and 564 km from Delhi.Surrounded by snow-capped mountains, Dalhousie is located on the western edge of the Dhauladhar mountain range of the Himalayas. It is hill stations near Delhi, and among the best places...",2-3,,,False,1,NEEDS_EXTENSIVE_RESEARCH,Merged: WanderSphere_cities + Cities.csv + City.csv + derived from place records,
CT-0052,Kangra,Himachal Pradesh,ST-13,Kangra,,,,,,,,False,1,NEEDS_EXTENSIVE_RESEARCH,Merged: WanderSphere_cities + Cities.csv + City.csv + derived from place records,
CT-0053,Kasauli,Himachal Pradesh,ST-13,Solan,,,,,1-2,,,True,11,COMPLETE,Merged: WanderSphere_cities + Cities.csv + City.csv + derived from place records,
CT-0054,Kinnaur,Himachal Pradesh,ST-13,,,,,,,,,False,1,NEEDS_EXTENSIVE_RESEARCH,Merged: WanderSphere_cities + Cities.csv + City.csv + derived from place records,
CT-0055,Kufri,Himachal Pradesh,ST-13,,,,,,,,,False,1,NEEDS_EXTENSIVE_RESEARCH,Merged: WanderSphere_cities + Cities.csv + City.csv + derived from place records,
CT-0056,Kullu,Himachal Pradesh,ST-13,Kullu,,,Hill Station,"At a distance of 40 km from Manali, 500 km from Delhi, 215 km from Shimla and 258 km from Chandigarh, Kullu is the capital town of Kullu district in the state of Himachal Pradesh. It is located on the banks of the Beas River in Kullu Valley at an altitude of 1230 meters. Kullu Manali is one of the top summer resorts to visit as part of Himachal tour packages and among the wellknown honeymoon desti...",,,,False,1,NEEDS_EXTENSIVE_RESEARCH,Merged: WanderSphere_cities + Cities.csv + City.csv + derived from place records,
CT-0057,Manali,Himachal Pradesh,ST-13,Kullu,,,Hill Station,"Manali is a breathtakingly beautiful hill station nestled in the mountains of Himachal Pradesh near the northern end of the Kullu Valley. About 295 km from Chandigarh, and 545 km from Delhi, it is one of the top hill stations in Himachal, and among the top places to visit near Chandigarh.Renowned for its snow-covered mountains, scenic beauty, history, and culture, Manali is located at an altitude ...",2-4,October-June,,True,50,COMPLETE,Merged: WanderSphere_cities + Cities.csv + City.csv + derived from place records,
CT-0058,Mandi,Himachal Pradesh,ST-13,Mandi,,,,,,,,False,1,NEEDS_EXTENSIVE_RESEARCH,Merged: WanderSphere_cities + Cities.csv + City.csv + derived from place records,
CT-0059,Manikaran,Himachal Pradesh,ST-13,,,,,,,,,False,1,NEEDS_EXTENSIVE_RESEARCH,Merged: WanderSphere_cities + Cities.csv + City.csv + derived from place records,
CT-0060,McLeod Ganj,Himachal Pradesh,ST-13,,,,,,,,,False,1,NEEDS_EXTENSIVE_RESEARCH,Merged: WanderSphere_cities + Cities.csv + City.csv + derived from place records,
CT-0061,Nahan,Himachal Pradesh,ST-13,Sirmaur,,,,,1-2,,,True,20,COMPLETE,Merged: WanderSphere_cities + Cities.csv + City.csv + derived from place records,
CT-0062,Narkanda,Himachal Pradesh,ST-13,Shimla,,,,,,,,False,1,NEEDS_EXTENSIVE_RESEARCH,Merged: WanderSphere_cities + Cities.csv + City.csv + derived from place records,
CT-0063,Palampur,Himachal Pradesh,ST-13,Kangra,,,,,,,,False,1,NEEDS_EXTENSIVE_RESEARCH,Merged: WanderSphere_cities + Cities.csv + City.csv + derived from place records,
CT-0064,Shimla,Himachal Pradesh,ST-13,Shimla,,,Hill Station,"Often called the 'Queen of Hills', Shimla is a mesmerizing hill station in Himachal Pradesh. It is one of the top hill stations in India, and among the top Himachal tourist places. It is located about 112 km from Chandigarh, and 348 km from New Delhi.Among the top hill stations in Himachal, Shimla derives its name from 'Goddess Shyamala', an incarnation of Goddess Kali. Kali Bari Temple, Annandale...",2-4,March-June,,True,48,COMPLETE,Merged: WanderSphere_cities + Cities.csv + City.csv + derived from place records,
CT-0065,Shoja,Himachal Pradesh,ST-13,,,,,,,,,False,1,NEEDS_EXTENSIVE_RESEARCH,Merged: WanderSphere_cities + Cities.csv + City.csv + derived from place records,
CT-0066,Spiti Valley,Himachal Pradesh,ST-13,,,,,,,,,False,1,NEEDS_EXTENSIVE_RESEARCH,Merged: WanderSphere_cities + Cities.csv + City.csv + derived from place records,
CT-0067,Anantnag,Jammu and Kashmir,ST-14,Anantnag,,,,,,,,False,1,NEEDS_EXTENSIVE_RESEARCH,Merged: WanderSphere_cities + Cities.csv + City.csv + derived from place records,
CT-0068,Gulmarg,Jammu and Kashmir,ST-14,Baramula,,,,,1-2,,,True,21,COMPLETE,Merged: WanderSphere_cities + Cities.csv + City.csv + derived from place records,
CT-0069,Jammu,Jammu and Kashmir,ST-14,Jammu,,,,,1-2,,,True,25,COMPLETE,Merged: WanderSphere_cities + Cities.csv + City.csv + derived from place records,
CT-0070,Kishtwar,Jammu and Kashmir,ST-14,Doda,,,,,,,,False,1,NEEDS_EXTENSIVE_RESEARCH,Merged: WanderSphere_cities + Cities.csv + City.csv + derived from place records,
CT-0071,Pahalgam,Jammu and Kashmir,ST-14,Anantnag,,,,,,,,False,1,NEEDS_EXTENSIVE_RESEARCH,Merged: WanderSphere_cities + Cities.csv + City.csv + derived from place records,
CT-0072,Srinagar,Jammu and Kashmir,ST-14,Srinagar,,,,,3-5,April-October,,True,40,COMPLETE,Merged: WanderSphere_cities + Cities.csv + City.csv + derived from place records,
CT-0073,Udhampur,Jammu and Kashmir,ST-14,Udhampur,,,,,,,,False,1,NEEDS_EXTENSIVE_RESEARCH,Merged: WanderSphere_cities + Cities.csv + City.csv + derived from place records,
CT-0074,Deoghar,Jharkhand,ST-15,Deoghar,,,,,,,,False,1,NEEDS_EXTENSIVE_RESEARCH,Merged: WanderSphere_cities + Cities.csv + City.csv + derived from place records,
CT-0075,Dhanbad,Jharkhand,ST-15,Dhanbad,,,,,,,,False,3,NEEDS_EXTENSIVE_RESEARCH,Merged: WanderSphere_cities + Cities.csv + City.csv + derived from place records,
CT-0076,Jamshedpur,Jharkhand,ST-15,Purbi Singhbhum,,,,,,,,False,3,NEEDS_EXTENSIVE_RESEARCH,Merged: WanderSphere_cities + Cities.csv + City.csv + derived from place records,
CT-0077,Ranchi,Jharkhand,ST-15,Ranchi,,,,,,,,False,4,NEEDS_EXTENSIVE_RESEARCH,Merged: WanderSphere_cities + Cities.csv + City.csv + derived from place records,
CT-0078,Badami,Karnataka,ST-16,Bagalkot,,,,,,,,False,1,NEEDS_EXTENSIVE_RESEARCH,Merged: WanderSphere_cities + Cities.csv + City.csv + derived from place records,
CT-0079,Bandipur,Karnataka,ST-16,,,,,,,,,False,1,NEEDS_EXTENSIVE_RESEARCH,Merged: WanderSphere_cities + Cities.csv + City.csv + derived from place records,
CT-0080,Bangalore,Karnataka,ST-16,Bangalore,,,City,"Nicknamed as the Garden City of India, Bangalore, the capital city of Karnataka, is the 5th largest city in India, and among the top places to visit in Karnataka. It is one of the fastest growing industrial and commercial centers in India. It is often referred as Silicon Valley of India due to large number of software companies established in the city.Bangalore is one of the ideal places for those...",2-3,,,True,54,COMPLETE,Merged: WanderSphere_cities + Cities.csv + City.csv + derived from place records,
CT-0081,Bengaluru,Karnataka,ST-16,,,,,,,,,False,1,NEEDS_EXTENSIVE_RESEARCH,Merged: WanderSphere_cities + Cities.csv + City.csv + derived from place records,
CT-0082,Bijapur,Karnataka,ST-16,Bijapur,,,,,,,,False,1,NEEDS_EXTENSIVE_RESEARCH,Merged: WanderSphere_cities + Cities.csv + City.csv + derived from place records,
CT-0083,Chikmagalur,Karnataka,ST-16,Chikmagalur,,,Hill Station,"Chikmagalur or Chikkamagaluru is a scenic hill town situated at the foothills of Mulliyangiri range with an altitude of 3,400 feet. It is one of the best hill stations in Karnataka and among the most famous tourist places near Bangalore.Chikmagalur is famous for its serene environment, lush green forests and tall mountains. Baba Budangiri, Hirekolale Lake, Mulliyangiri, Ayyanakere Lake, Manikyadha...",,,,False,1,NEEDS_EXTENSIVE_RESEARCH,Merged: WanderSphere_cities + Cities.csv + City.csv + derived from place records,
CT-0084,Coorg,Karnataka,ST-16,,,,Hill Station,"Fondly called the Scotland of India, Coorg is one of the top hill stations in South India and among the most popular attraction not to miss in your Karnataka holiday packages. Coorg (or Kodagu) is about 265 km from Bangalore city and takes about 6 hrs drive. Coorg is the largest producer of Coffee in India. Also, it is one of the places with the highest rainfall in India. Places like Raja's Seat, ...",2-3,September-June,,True,32,COMPLETE,Merged: WanderSphere_cities + Cities.csv + City.csv + derived from place records,
CT-0085,Gokarna,Karnataka,ST-16,,,,Pilgrimage,"Gokarna is one of the famous places of pilgrimage in Karnataka, and among the top places to visit as part of Karnataka tour packages. It is about 514 km from Bangalore.Sri Mahabaleshwar Temple which houses the Atmalinga is one of the must-visit places as part of Gokarna holiday packages. Gokarna is considered to be the Mukti Stala, where Hindus perform funeral rites. Gokarna is also home to some o...",,,,False,1,NEEDS_EXTENSIVE_RESEARCH,Merged: WanderSphere_cities + Cities.csv + City.csv + derived from place records,
CT-0086,Halebidu,Karnataka,ST-16,,,,,,,,,False,1,NEEDS_EXTENSIVE_RESEARCH,Merged: WanderSphere_cities + Cities.csv + City.csv + derived from place records,
CT-0087,Hampi,Karnataka,ST-16,,,,Historical & Heritage,"Hampi is a renowned UNESCO World Heritage Site situated on the banks of Tungabhadra River in northern Karnataka. Situated about 340 km from Bangalore & 377 km from Hyderabad, Hampi is one of the best heritage sites in India and among the must include places in your Karnataka tour packages. Hampi is an extremely significant place in terms of history and architecture as it stands within the ruins of...",2-4,,,True,29,COMPLETE,Merged: WanderSphere_cities + Cities.csv + City.csv + derived from place records,
CT-0088,Madikeri,Karnataka,ST-16,Kodagu,,,,,1-2,,,True,17,COMPLETE,Merged: WanderSphere_cities + Cities.csv + City.csv + derived from place records,
CT-0089,Mangalore,Karnataka,ST-16,Dakshina Kannada,,,,,,,,False,1,NEEDS_EXTENSIVE_RESEARCH,Merged: WanderSphere_cities + Cities.csv + City.csv + derived from place records,
CT-0090,Murudeshwar,Karnataka,ST-16,,,,Pilgrimage,Murudeshwar is one of the most famous places to visit in Karnataka and among the popular places of pilgrimage in Karnataka. It is about 162 km from Mangalore & 497 km from Bangalore. Murudeshwar is the abode of Lord Shiva. The temple town is famous for the world's second tallest Shiva statue (123 ft) & tallest temple tower (249 feet). The sea on three sides surrounds the Murudeshwar Temple towerin...,,,,False,1,NEEDS_EXTENSIVE_RESEARCH,Merged: WanderSphere_cities + Cities.csv + City.csv + derived from place records,
CT-0091,Mysore,Karnataka,ST-16,Mysore,,,Historical & Heritage,"Mysore, the erstwhile capital of the Mysore Maharajas, is one of the popular destinations in Karnataka and among the must-visit places as part of 2 day trip near Bangalore. It is about 139 km from Bangalore. With its dazzling royal heritage, intricate architecture, its famed silk sarees, yoga, and sandalwood, Mysore is one of the top heritage sites in India.Often called the City of Palaces, Mysore...",1-2,,,True,35,COMPLETE,Merged: WanderSphere_cities + Cities.csv + City.csv + derived from place records,
CT-0092,Shivamogga,Karnataka,ST-16,,,,,,,,,False,1,NEEDS_EXTENSIVE_RESEARCH,Merged: WanderSphere_cities + Cities.csv + City.csv + derived from place records,
CT-0093,,Karnataka,ST-16,Chikkaballapur,,,,,,,,True,29,COMPLETE,Merged: WanderSphere_cities + Cities.csv + City.csv + derived from place records,
CT-0093,,Karnataka,ST-16,Hassan,,,,,,,,True,30,COMPLETE,Merged: WanderSphere_cities + Cities.csv + City.csv + derived from place records,
CT-0093,,Karnataka,ST-16,Kalaburagi,,,,,,,,True,30,COMPLETE,Merged: WanderSphere_cities + Cities.csv + City.csv + derived from place records,
CT-0093,,Karnataka,ST-16,Kochi,,,,,,,,True,24,COMPLETE,Merged: WanderSphere_cities + Cities.csv + City.csv + derived from place records,
CT-0093,,Karnataka,ST-16,Mandya,,,,,,,,True,27,COMPLETE,Merged: WanderSphere_cities + Cities.csv + City.csv + derived from place records,
CT-0093,,Karnataka,ST-16,Munnar,,,,,,,,True,30,COMPLETE,Merged: WanderSphere_cities + Cities.csv + City.csv + derived from place records,
CT-0093,,Karnataka,ST-16,Uttar_Kannada,,,,,,,,True,30,COMPLETE,Merged: WanderSphere_cities + Cities.csv + City.csv + derived from place records,
CT-0093,,Karnataka,ST-16,bengaluru,,,,,,,,True,19,COMPLETE,Merged: WanderSphere_cities + Cities.csv + City.csv + derived from place records,
CT-0093,,Karnataka,ST-16,coorg,,,,,,,,True,20,COMPLETE,Merged: WanderSphere_cities + Cities.csv + City.csv + derived from place records,
CT-0093,,Karnataka,ST-16,hampi,,,,,,,,True,20,COMPLETE,Merged: WanderSphere_cities + Cities.csv + City.csv + derived from place records,
CT-0093,,Karnataka,ST-16,mangaluru,,,,,,,,True,20,COMPLETE,Merged: WanderSphere_cities + Cities.csv + City.csv + derived from place records,
CT-0093,,Karnataka,ST-16,mysuru,,,,,,,,True,20,COMPLETE,Merged: WanderSphere_cities + Cities.csv + City.csv + derived from place records,
CT-0094,Alappuzha,Kerala,ST-17,Alappuzha,,,,,,,,False,1,NEEDS_EXTENSIVE_RESEARCH,Merged: WanderSphere_cities + Cities.csv + City.csv + derived from place records,
CT-0095,Bekal,Kerala,ST-17,,,,,,,,,False,1,NEEDS_EXTENSIVE_RESEARCH,Merged: WanderSphere_cities + Cities.csv + City.csv + derived from place records,
CT-0096,Kannur,Kerala,ST-17,Kannur,,,,,,,,False,1,NEEDS_EXTENSIVE_RESEARCH,Merged: WanderSphere_cities + Cities.csv + City.csv + derived from place records,
CT-0097,Kerala Backwaters,Kerala,ST-17,,,,,,,,,False,1,NEEDS_EXTENSIVE_RESEARCH,Merged: WanderSphere_cities + Cities.csv + City.csv + derived from place records,
CT-0098,Kochi,Kerala,ST-17,Ernakulam,,,Beach,"Often referred to as 'The Queen of the Arabian Sea', Kochi or Cochin is the financial capital of Kerala. It is situated about 190 km from Coimbatore, and 204 km from Trivandrum. Kochi is one of the prime places to visit as part of Kerala tour packages. Kochi packages are admired for its scenic beauty, traditional architecture, churches, and beaches. Fort Kochi, Bolghatty Palace, Marine Drive, Mang...",1-2,,,True,48,COMPLETE,Merged: WanderSphere_cities + Cities.csv + City.csv + derived from place records,
CT-0099,Kovalam,Kerala,ST-17,,,,Beach,"Kovalam is a coastal town on the shores of the Arabian Sea in Kerala. About13 km from Trivandrum, and 212 km from Kochi, it is one of the most famous places to visit in Kerala. It can be visited along with Trivandrum tour packages.Kovalam means 'A grove of coconut trees' and the whole area beyond the shores around Kovalam is filled with the endless sight of coconut trees offering magnificent views...",1-2,,,True,23,COMPLETE,Merged: WanderSphere_cities + Cities.csv + City.csv + derived from place records,
CT-0100,Kozhikode,Kerala,ST-17,Kozhikode,,,,,,,,False,1,NEEDS_EXTENSIVE_RESEARCH,Merged: WanderSphere_cities + Cities.csv + City.csv + derived from place records,
CT-0101,Kumarakom,Kerala,ST-17,,,,Lake & Backwater,"Kumarakom is a cluster of little islands on the Vembanad Lake in Kerala. Also known as the Queen of Vembanad, Kumarakom is the most famous places to visit near Trivandrum for Kerala backwaters, and among the must include places in Kerala tour packages. It is about 56 km from Kochi, 36 km from Alleppey, and 164 km from Trivandrum.Kumarakom is a special tourism zone in Kerala due to the special ecol...",,,,False,1,NEEDS_EXTENSIVE_RESEARCH,Merged: WanderSphere_cities + Cities.csv + City.csv + derived from place records,
CT-0102,Munnar,Kerala,ST-17,,,,Hill Station,"Situated at an altitude ranging from 5000 to 8000 feet on the Kannan Devan Hills, the fascinating hill station of Munnar is one of the best tourist places in Kerala and among the must include places in honeymoon tour packages. It is about 120 km from Kochi, and 284 km from Trivandrum.Often referred to as the Swiss of South India, Munnar is one of the famous weekend getaways from Kochi, Coimbatore ...",2-3,September-March,,True,46,COMPLETE,Merged: WanderSphere_cities + Cities.csv + City.csv + derived from place records,
CT-0103,Nelliyampathy,Kerala,ST-17,,,,,,,,,False,1,NEEDS_EXTENSIVE_RESEARCH,Merged: WanderSphere_cities + Cities.csv + City.csv + derived from place records,
CT-0104,Thekkady,Kerala,ST-17,,,,Hill Station,"Periyar Wildlife Sanctuary is one of the top wildlife sanctuaries in Kerala, especially for wildlife enthusiasts. Situated about 82 km from Munnar, 143 km from Kochi, and 211 km from Trivandrum, it is one of the must include places in Kerala tour packages.Established in the year 1950, the sanctuary is spread across 777 sq. km, of which 360 sq. km is a thick evergreen forest. The splendid artificia...",,,,False,1,NEEDS_EXTENSIVE_RESEARCH,Merged: WanderSphere_cities + Cities.csv + City.csv + derived from place records,
CT-0105,Thiruvananthapuram,Kerala,ST-17,,,,,,,,,False,3,NEEDS_EXTENSIVE_RESEARCH,Merged: WanderSphere_cities + Cities.csv + City.csv + derived from place records,
CT-0106,,Kerala,ST-17,Alappuzha,,,,,,,,True,30,COMPLETE,Merged: WanderSphere_cities + Cities.csv + City.csv + derived from place records,
CT-0106,,Kerala,ST-17,Ernakulam,,,,,,,,True,30,COMPLETE,Merged: WanderSphere_cities + Cities.csv + City.csv + derived from place records,
CT-0106,,Kerala,ST-17,Idukki,,,,,,,,True,17,COMPLETE,Merged: WanderSphere_cities + Cities.csv + City.csv + derived from place records,
CT-0106,,Kerala,ST-17,Kannur,,,,,,,,True,30,COMPLETE,Merged: WanderSphere_cities + Cities.csv + City.csv + derived from place records,
CT-0106,,Kerala,ST-17,Kasaragod,,,,,,,,True,30,COMPLETE,Merged: WanderSphere_cities + Cities.csv + City.csv + derived from place records,
CT-0106,,Kerala,ST-17,Kollam,,,,,,,,True,30,COMPLETE,Merged: WanderSphere_cities + Cities.csv + City.csv + derived from place records,
CT-0106,,Kerala,ST-17,Kottayam,,,,,,,,True,29,COMPLETE,Merged: WanderSphere_cities + Cities.csv + City.csv + derived from place records,
CT-0106,,Kerala,ST-17,Kozhikode,,,,,,,,True,27,COMPLETE,Merged: WanderSphere_cities + Cities.csv + City.csv + derived from place records,
CT-0106,,Kerala,ST-17,Malappuram,,,,,,,,True,30,COMPLETE,Merged: WanderSphere_cities + Cities.csv + City.csv + derived from place records,
CT-0106,,Kerala,ST-17,Palakkad,,,,,,,,True,30,COMPLETE,Merged: WanderSphere_cities + Cities.csv + City.csv + derived from place records,
CT-0106,,Kerala,ST-17,Pathanamthitta,,,,,,,,True,30,COMPLETE,Merged: WanderSphere_cities + Cities.csv + City.csv + derived from place records,
CT-0106,,Kerala,ST-17,Thiruvananthapuram,,,,,,,,True,20,COMPLETE,Merged: WanderSphere_cities + Cities.csv + City.csv + derived from place records,
CT-0106,,Kerala,ST-17,Thrissur,,,,,,,,True,30,COMPLETE,Merged: WanderSphere_cities + Cities.csv + City.csv + derived from place records,
CT-0106,,Kerala,ST-17,Wayanad,,,,,,,,True,30,COMPLETE,Merged: WanderSphere_cities + Cities.csv + City.csv + derived from place records,
CT-0107,Varkala,Kerala,ST-17,Thiruvananthapuram,,,,,1-2,,,True,21,COMPLETE,Merged: WanderSphere_cities + Cities.csv + City.csv + derived from place records,
CT-0108,Wayanad,Kerala,ST-17,,,,Hill Station,"Wayanad is one of the popular hill stations in Kerala, and among the best places to visit near Kozhikode. It is about 118 km from Ooty, 246 km from Kochi, and 442 km from Trivandrum. Wayanad is a picturesque plateau nestled among the mountains of the Western Ghats on the borders of Tamil Nadu and Karnataka. This hill district is home to several lakes, caves, sanctuaries, and waterfalls which are t...",1-2,October-May,,True,31,COMPLETE,Merged: WanderSphere_cities + Cities.csv + City.csv + derived from place records,
CT-0109,Diskit,Ladakh,ST-18,,,,,,,,,False,1,NEEDS_EXTENSIVE_RESEARCH,Merged: WanderSphere_cities + Cities.csv + City.csv + derived from place records,
CT-0110,Dras,Ladakh,ST-18,,,,,,,,,False,1,NEEDS_EXTENSIVE_RESEARCH,Merged: WanderSphere_cities + Cities.csv + City.csv + derived from place records,
CT-0111,Hemis,Ladakh,ST-18,,,,,,,,,False,1,NEEDS_EXTENSIVE_RESEARCH,Merged: WanderSphere_cities + Cities.csv + City.csv + derived from place records,
CT-0112,Kargil,Ladakh,ST-18,Kargil,,,,,,,,False,1,NEEDS_EXTENSIVE_RESEARCH,Merged: WanderSphere_cities + Cities.csv + City.csv + derived from place records,
CT-0113,Leh,Ladakh,ST-18,Leh (Ladakh),,,,,,,,False,4,NEEDS_EXTENSIVE_RESEARCH,Merged: WanderSphere_cities + Cities.csv + City.csv + derived from place records,
CT-0114,Nubra Valley,Ladakh,ST-18,,,,,,,,,False,1,NEEDS_EXTENSIVE_RESEARCH,Merged: WanderSphere_cities + Cities.csv + City.csv + derived from place records,
CT-0115,Amarkantak,Madhya Pradesh,ST-20,Shahdol,,,,,,,,False,1,NEEDS_EXTENSIVE_RESEARCH,Merged: WanderSphere_cities + Cities.csv + City.csv + derived from place records,
CT-0116,Bandhavgarh,Madhya Pradesh,ST-20,,,,,,,,,False,1,NEEDS_EXTENSIVE_RESEARCH,Merged: WanderSphere_cities + Cities.csv + City.csv + derived from place records,
CT-0117,Bhimbetka,Madhya Pradesh,ST-20,,,,,,,,,False,1,NEEDS_EXTENSIVE_RESEARCH,Merged: WanderSphere_cities + Cities.csv + City.csv + derived from place records,
CT-0118,Bhopal,Madhya Pradesh,ST-20,Bhopal,,,,,,,,False,4,NEEDS_EXTENSIVE_RESEARCH,Merged: WanderSphere_cities + Cities.csv + City.csv + derived from place records,
CT-0119,Chitrakoot,Madhya Pradesh,ST-20,Satna,,,,,,,,False,1,NEEDS_EXTENSIVE_RESEARCH,Merged: WanderSphere_cities + Cities.csv + City.csv + derived from place records,
CT-0120,Gwalior,Madhya Pradesh,ST-20,Gwalior,,,Historical & Heritage,"At a distance of 121 km from Agra, 174 km from Mathura, 268 km from Kanpur, 330 km from New Delhi, 334 km from Lucknow, 346 km from Jaipur, 448 km from Bhopal and 459 km from Allahabad, Gwalior is a historical city situated in the central Indian state of Madhya Pradesh. It is one of the important tourist places near Agra and also one of the top tourist destinations in Madhya Pradesh.One of the mos...",1-2,,,True,32,COMPLETE,Merged: WanderSphere_cities + Cities.csv + City.csv + derived from place records,
CT-0121,Indore,Madhya Pradesh,ST-20,Indore,,,,,,,,False,3,NEEDS_EXTENSIVE_RESEARCH,Merged: WanderSphere_cities + Cities.csv + City.csv + derived from place records,
CT-0122,Jabalpur,Madhya Pradesh,ST-20,Jabalpur,,,,,,,,False,1,NEEDS_EXTENSIVE_RESEARCH,Merged: WanderSphere_cities + Cities.csv + City.csv + derived from place records,
CT-0123,Kanha,Madhya Pradesh,ST-20,,,,,,,,,False,1,NEEDS_EXTENSIVE_RESEARCH,Merged: WanderSphere_cities + Cities.csv + City.csv + derived from place records,
CT-0124,Khajuraho,Madhya Pradesh,ST-20,Chhatarpur,,,Historical & Heritage,"At a distance of 47 km from Chhatarpur, 118 km from Satna, 179 km from Jhansi, 223 km from Kanpur, 265 km from Jabalpur, 283 km from Gwalior, 283 km from Allahabad, 388 km from Bhopal and 624 km from Delhi, Khajuraho is a historical town located in Chhatarpur district of Madhya Pradesh. Khajuraho is one of the top places to visit in Madhya Pradesh and among the must include places in your Madhya P...",1-2,,,True,17,COMPLETE,Merged: WanderSphere_cities + Cities.csv + City.csv + derived from place records,
CT-0125,Mandu,Madhya Pradesh,ST-20,,,,,,,,,False,1,NEEDS_EXTENSIVE_RESEARCH,Merged: WanderSphere_cities + Cities.csv + City.csv + derived from place records,
CT-0126,Orchha,Madhya Pradesh,ST-20,,,,,,,,,False,1,NEEDS_EXTENSIVE_RESEARCH,Merged: WanderSphere_cities + Cities.csv + City.csv + derived from place records,
CT-0127,Pachmarhi,Madhya Pradesh,ST-20,,,,,,2-3,,,True,18,COMPLETE,Merged: WanderSphere_cities + Cities.csv + City.csv + derived from place records,
CT-0128,Ujjain,Madhya Pradesh,ST-20,Ujjain,,,,,1-2,,,True,20,COMPLETE,Merged: WanderSphere_cities + Cities.csv + City.csv + derived from place records,
CT-0129,Ajanta,Maharashtra,ST-21,,,,,,,,,False,1,NEEDS_EXTENSIVE_RESEARCH,Merged: WanderSphere_cities + Cities.csv + City.csv + derived from place records,
CT-0130,Ajanta and Ellora Caves,Maharashtra,ST-21,,,,,,1-2,,,True,12,COMPLETE,Merged: WanderSphere_cities + Cities.csv + City.csv + derived from place records,
CT-0131,Aurangabad,Maharashtra,ST-21,Aurangabad,,,,,3-4,,,True,37,COMPLETE,Merged: WanderSphere_cities + Cities.csv + City.csv + derived from place records,
CT-0132,Kolhapur,Maharashtra,ST-21,Kolhapur,,,,,,,,False,3,NEEDS_EXTENSIVE_RESEARCH,Merged: WanderSphere_cities + Cities.csv + City.csv + derived from place records,
CT-0133,Latur,Maharashtra,ST-21,Latur,,,,,,,,False,3,NEEDS_EXTENSIVE_RESEARCH,Merged: WanderSphere_cities + Cities.csv + City.csv + derived from place records,
CT-0134,Lonavala,Maharashtra,ST-21,Pune,,,Hill Station,"Situated at an altitude of 622 m in the Sahyadri Range, Lonavala is a beautiful hill station in the Pune district of Maharashtra. It is one of the top hill stations you must include in Maharashtra tour packages and among the best tourist places to visit near Mumbai & Pune. It is located about 67 km from Pune, and 95 km from Mumbai.Lonavala has several tourist places in the form of caves, lakes, fo...",1-2,,,True,37,COMPLETE,Merged: WanderSphere_cities + Cities.csv + City.csv + derived from place records,
CT-0135,Mahabaleshwar,Maharashtra,ST-21,Satara,,,Hill Station,"Perched at an altitude of 1,353 m in the Western Ghats of Maharashtra, Mahabaleshwar is one of the popular hill stations in Maharashtra, and among the best places to visit near Pune & Mumbai. It is about 123 km from Pune, and 243 km from Mumbai. It is one of the must include places in Maharashtra tour packages.Known for its lovely views, beautiful landscapes, and pleasant weather, Mahabaleshwar is...",2,December-February,,True,30,COMPLETE,Merged: WanderSphere_cities + Cities.csv + City.csv + derived from place records,
CT-0136,Matheran,Maharashtra,ST-21,Raigarh,,,,,1-2,,,True,24,COMPLETE,Merged: WanderSphere_cities + Cities.csv + City.csv + derived from place records,
CT-0137,Nagpur,Maharashtra,ST-21,Nagpur,,,,,,,,False,3,NEEDS_EXTENSIVE_RESEARCH,Merged: WanderSphere_cities + Cities.csv + City.csv + derived from place records,
CT-0138,Nashik,Maharashtra,ST-21,Nashik,,,Pilgrimage,"Nashik or Nasik is the third-largest city by population in Maharashtra. Situated about 182 km from Mumbai, and 211 km from Pune, it is one of the popular places of pilgrimage in Maharashtra, and among the famous places to visit near Mumbai.Situated at an altitude of 700 m, Nashik is famous for its numerous temples that can be visited as part of Nashik Tour Packages. Panchavati, Someshwar, Ram Kund...",2-3,July-March,,True,32,COMPLETE,Merged: WanderSphere_cities + Cities.csv + City.csv + derived from place records,
CT-0139,Pune,Maharashtra,ST-21,Pune,,,Historical & Heritage,"Situated at the confluence of Mula and Mutha Rivers, Pune is one of the most popular cities in India and the second-largest city in Maharashtra. About 161 km from Mumbai, Pune is one of the must include places in Maharashtra tour packages.Pune boasts of several historical monuments from the Maratha period and many places of tourist interest. Shaniwar Wada, Osho Ashram, Dagdusheth Ganapathi, Patale...",1-3,,,True,49,COMPLETE,Merged: WanderSphere_cities + Cities.csv + City.csv + derived from place records,
CT-0140,Ratnagiri,Maharashtra,ST-21,Ratnagiri,,,,,,,,False,3,NEEDS_EXTENSIVE_RESEARCH,Merged: WanderSphere_cities + Cities.csv + City.csv + derived from place records,
CT-0141,Satara,Maharashtra,ST-21,Satara,,,,,,,,False,3,NEEDS_EXTENSIVE_RESEARCH,Merged: WanderSphere_cities + Cities.csv + City.csv + derived from place records,
CT-0142,Shirdi,Maharashtra,ST-21,Ahmadnagar,,,Pilgrimage,"Shirdi is a pilgrimage town located in the Ahmednagar district of Maharashtra. About 180 km from Pune, and 258 km from Mumbai, this is one of the popular places pilgrimage in Maharashtra, and among the best places to visit near Aurangabad.Shirdi is home to the shrine of Shirdi Sai Baba, the star attractions of Shirdi Tour. Sai Baba, who belonged to the 20th century, is known as one of the greatest...",1-2,,,True,22,COMPLETE,Merged: WanderSphere_cities + Cities.csv + City.csv + derived from place records,
CT-0143,Solapur,Maharashtra,ST-21,Solapur,,,,,,,,False,3,NEEDS_EXTENSIVE_RESEARCH,Merged: WanderSphere_cities + Cities.csv + City.csv + derived from place records,
CT-0144,Tarkarli,Maharashtra,ST-21,,,,,,,,,False,1,NEEDS_EXTENSIVE_RESEARCH,Merged: WanderSphere_cities + Cities.csv + City.csv + derived from place records,
CT-0145,Imphal,Manipur,ST-22,Imphal West & Imphal East,,,,,,,,False,3,NEEDS_EXTENSIVE_RESEARCH,Merged: WanderSphere_cities + Cities.csv + City.csv + derived from place records,
CT-0146,Cherrapunji,Meghalaya,ST-23,,,,Hill Station,"At a distance of 54 km from Shillong, 80 km from Mawsynram, 84 km from Dawki, 146 km from Guwahati, 292 km from Tezpur, Cherrapunji or Cherrapunjee is a small sub divisional town in the East Khasi Hills district of Meghalaya. It is one of the wettest places on the earth and among the must visit places in Meghalaya as part of honeymoon tour packages.The original name for this town was Sohra, which ...",1-2,,,True,15,COMPLETE,Merged: WanderSphere_cities + Cities.csv + City.csv + derived from place records,
CT-0147,Shillong,Meghalaya,ST-23,East Khasi Hills,,,Hill Station,"At a distance of 98 km from Guwahati, 377 km from Dhaka, 414 km from Kohima, 420 km from Cooch Behar, 572 km from Siliguri, 594 km from Darjeeling, 631 km from Gangtok and 1116 km from Kolkata, Shillong is a mesmerizing hill station in East Khasi Hills district of Meghalaya in India. Shillong is the capital city of Meghalaya as well as the headquarters of East Khasi Hills district. It is one of th...",,,,False,3,NEEDS_EXTENSIVE_RESEARCH,Merged: WanderSphere_cities + Cities.csv + City.csv + derived from place records,
CT-0148,Aizawl,Mizoram,ST-24,Aizawl,,,,,,,,False,3,NEEDS_EXTENSIVE_RESEARCH,Merged: WanderSphere_cities + Cities.csv + City.csv + derived from place records,
CT-0149,Balasore,Odisha,ST-26,,,,,,,,,False,1,NEEDS_EXTENSIVE_RESEARCH,Merged: WanderSphere_cities + Cities.csv + City.csv + derived from place records,
CT-0150,Berhampur,Odisha,ST-26,,,,,,,,,False,1,NEEDS_EXTENSIVE_RESEARCH,Merged: WanderSphere_cities + Cities.csv + City.csv + derived from place records,
CT-0151,Bhubaneswar,Odisha,ST-26,Khordha,,,City,"At a distance of 16 km from Cuttack, 58 km from Puri, 61 km from Konark, 191 km from Balasore, 264 km from Sambalpur, 342 km from Rourkela, 431 km from Vizag, 439 km from Kolkata and 456 km from Ranchi, Bhubaneswar or Bhubaneshwar is an ancient city situated in Khordha district of Odisha, India. It is the capital city of Odisha and also one of the best places to experience Odisha Tourism.Known as ...",1-2,,,True,31,COMPLETE,Merged: WanderSphere_cities + Cities.csv + City.csv + derived from place records,
CT-0152,Chilika,Odisha,ST-26,,,,,,,,,False,1,NEEDS_EXTENSIVE_RESEARCH,Merged: WanderSphere_cities + Cities.csv + City.csv + derived from place records,
CT-0153,Cuttack,Odisha,ST-26,Cuttack,,,,,,,,False,1,NEEDS_EXTENSIVE_RESEARCH,Merged: WanderSphere_cities + Cities.csv + City.csv + derived from place records,
CT-0154,Kendujhar,Odisha,ST-26,Kendujhar,,,,,,,,False,1,NEEDS_EXTENSIVE_RESEARCH,Merged: WanderSphere_cities + Cities.csv + City.csv + derived from place records,
CT-0155,Keonjhar,Odisha,ST-26,,,,,,,,,False,1,NEEDS_EXTENSIVE_RESEARCH,Merged: WanderSphere_cities + Cities.csv + City.csv + derived from place records,
CT-0156,Konark,Odisha,ST-26,Puri,,,Historical & Heritage,"At a distance of 36 km from Puri, 61 km from Bhubaneswar, 111 km from Ratanpur, 394 km from Rourkela, 408 km from Jamshedpur, 462 km from Vizag, 482 km from Raigarh and 522 km from Ranchi, Konark is a small town in Puri district of Odisha along the coast of Bay of Bengal. Renowned world over for the Sun Temple, Konark is one of the top tourist destinations in Odisha and also one of the popular pla...",,,,False,1,NEEDS_EXTENSIVE_RESEARCH,Merged: WanderSphere_cities + Cities.csv + City.csv + derived from place records,
CT-0157,Puri,Odisha,ST-26,Puri,,,Beach,"At a distance of 36 km from Konark, 58 km from Bhubaneswar, 82 km from Cuttack, 390 km from Rourkela, 407 km from Jamshedpur, 434 km from Vizag, 495 km from Kolkata, and 522 km from Ranchi, Puri is an ancient temple town situated along the coast of Bay of Bengal in Odisha. Puri is one of the places of original holy Char Dham Yatra of Hinduism and also one of the top places to experience Odisha Tou...",1-2,,,True,20,COMPLETE,Merged: WanderSphere_cities + Cities.csv + City.csv + derived from place records,
CT-0158,Rourkela,Odisha,ST-26,,,,,,,,,False,1,NEEDS_EXTENSIVE_RESEARCH,Merged: WanderSphere_cities + Cities.csv + City.csv + derived from place records,
CT-0159,Sambalpur,Odisha,ST-26,Sambalpur,,,,,,,,False,1,NEEDS_EXTENSIVE_RESEARCH,Merged: WanderSphere_cities + Cities.csv + City.csv + derived from place records,
CT-0160,Auroville,Puducherry,ST-27,,,,,,,,,False,1,NEEDS_EXTENSIVE_RESEARCH,Merged: WanderSphere_cities + Cities.csv + City.csv + derived from place records,
CT-0161,Pondicherry,Puducherry,ST-27,Pondicherry,,,Beach,"At a distance of 170 km from Chennai, 204 km from Trichy, 233 km from Tirupati, 335 km from Madurai, 639 km from Trivandrum, 578 km from Kanyakumari, 96 km from Mahabalipuram, 368 km from Bangalore and 564 km from Kochi, Pondicherry or Puducherry is a city and capital of the Union Territory of Pondicherry and is one of the most popular tourist destinations you must include in honeymoon packages. I...",2-3,,,True,39,COMPLETE,Merged: WanderSphere_cities + Cities.csv + City.csv + derived from place records,
CT-0162,Puducherry,Puducherry,ST-27,,,,,,,,,False,3,NEEDS_EXTENSIVE_RESEARCH,Merged: WanderSphere_cities + Cities.csv + City.csv + derived from place records,
CT-0163,Amritsar,Punjab,ST-28,Amritsar,,,Historical & Heritage,"At a distance of 82 km from Jalandhar, 140 km from Ludhiana, 240 km from Chandigarh, 207 km from Dalhousie, 244 km from Patiala, 366 km from Shimla, 443 km from Srinagar and 466 km from New Delhi Amritsar is an ancient pilgrimage town and headquarters of Amritsar district in Punjab state. It is the most popular Sikh shrine in Punjab and also one of the top places of pilgrimage in India.Amritsar li...",2-3,October-March,,True,33,COMPLETE,Merged: WanderSphere_cities + Cities.csv + City.csv + derived from place records,
CT-0164,Chandigarh,Punjab,ST-28,Chandigarh,,,,,1-2,,,True,47,COMPLETE,Merged: WanderSphere_cities + Cities.csv + City.csv + derived from place records,
CT-0165,Ludhiana,Punjab,ST-28,Ludhiana,,,,,,,,False,2,NEEDS_EXTENSIVE_RESEARCH,Merged: WanderSphere_cities + Cities.csv + City.csv + derived from place records,
CT-0166,Ajmer,Rajasthan,ST-29,Ajmer,,,Historical & Heritage,"Ajmer or Ajmere is one of the popular pilgrimage sites near Delhi, and among the most important religious places to visit in Rajasthan. It is situated about 132 km from Jaipur, and 390 km from Delhi. Ajmer is can be visited along with Jaipur tour packages. The city of Ajmer gets its name from 'Ajay Meru' which means invincible hills. Ajmer is home to the famous Dargah Sharif, which houses the Tomb...",1-2,,,True,21,COMPLETE,Merged: WanderSphere_cities + Cities.csv + City.csv + derived from place records,
CT-0167,Bikaner,Rajasthan,ST-29,Bikaner,,,Historical & Heritage,"Bikaner is a vibrant desert town in the middle of the Thar Desert in Rajasthan, India. About 333 km from Jaipur, and 435 km from Delhi, it is one of the famous places of heritage in India, and among the must include places in Rajasthan tour packages.Formerly the capital of the princely state of Bikaner, the city was founded by Rao Bika in 1486 CE. The Junagarh Fort, built during the reign of Raja ...",1-2,,,True,21,COMPLETE,Merged: WanderSphere_cities + Cities.csv + City.csv + derived from place records,
CT-0168,Chittorgarh,Rajasthan,ST-29,,,,Historical & Heritage,"Chittorgarh or Chittaurgarh is a historical city and municipality located on the banks of river Gambhiri and Berach in Rajasthan, India. About 117 km from Udaipur, and 620 km from Delhi, it is one of the top heritage places in Rajasthan, and among the must include places in Rajasthan tour packages.Chittorgarh is the former capital of the Sisodia dynasty of Mewar, and this fascinating destination c...",1,,,True,16,COMPLETE,Merged: WanderSphere_cities + Cities.csv + City.csv + derived from place records,
CT-0169,Jaipur,Rajasthan,ST-29,Jaipur,,,Historical & Heritage,"Popularly called the Pink City, Jaipur is the capital city of Rajasthan in Northern India. It is one of the famous places to visit in India, and among the must include places in Rajasthan tour packages. It is situated about 268 km from Delhi. Along with Delhi and Agra, Jaipur forms the Golden Triangle of Indian tourism. Jaipur attracts numerous visitors from all over the world due to its rich heri...",2-3,November-March,,True,47,COMPLETE,Merged: WanderSphere_cities + Cities.csv + City.csv + derived from place records,
CT-0170,Jaisalmer,Rajasthan,ST-29,Jaisalmer,,,Historical & Heritage,"Lies in the heart of Thar Desert, Jaisalmer is one of the must include places in Rajasthan tour packages, and among the prominent heritage sites in India. It is situated about 278 km from Jodhpur, and 762 km from Delhi.Jaisalmer is popularly called the 'Golden City of India' because the yellow sand and the yellow sandstone used in the architecture of the city provide a golden glow to the city. Jai...",2-3,,,True,35,COMPLETE,Merged: WanderSphere_cities + Cities.csv + City.csv + derived from place records,
CT-0171,Jodhpur,Rajasthan,ST-29,Jodhpur,,,Historical & Heritage,"Jodhpur is the second-largest city in the Indian state of Rajasthan. About 562 km from Delhi, it is one of the top tourist places in India, and among the must include places in Rajasthan packages.Jodhpur is featuring many palaces, forts, and temples, set in the stark landscape of the Thar Desert. The landscape is scenic and mesmerizing that one can experience as part of Jodhpur packages. Also know...",1-2,,,True,40,COMPLETE,Merged: WanderSphere_cities + Cities.csv + City.csv + derived from place records,
CT-0172,Mount Abu,Rajasthan,ST-29,Sirohi,,,,,1-2,,,True,19,COMPLETE,Merged: WanderSphere_cities + Cities.csv + City.csv + derived from place records,
CT-0173,Pushkar,Rajasthan,ST-29,Ajmer,,,,,1-2,,,True,13,COMPLETE,Merged: WanderSphere_cities + Cities.csv + City.csv + derived from place records,
CT-0174,Sawai Madhopur,Rajasthan,ST-29,Sawai Madhopur,,,,,,,,False,1,NEEDS_EXTENSIVE_RESEARCH,Merged: WanderSphere_cities + Cities.csv + City.csv + derived from place records,
CT-0175,Udaipur,Rajasthan,ST-29,Udaipur,,,Historical & Heritage,"Udaipur is a historical city and also the administrative headquarters of the Udaipur district in the Indian state of Rajasthan. About 399 km from Jaipur, & 656 km from Delhi, it is one of the top heritage sites near Delhi, and among the must include places in Rajasthan tour packages. The city has an abundance of natural beauty, mesmerizing temples, and breathtaking architecture which are the prime...",2-3,October-March,,True,41,COMPLETE,Merged: WanderSphere_cities + Cities.csv + City.csv + derived from place records,
CT-0176,Gangtok,Sikkim,ST-30,East,,,Hill Station,"At a distance of 78 km from Kalimpong, 96 km from Darjeeling, 115 km from Pelling, 117 km from Siliguri, 403 km from Darbhanga, 496 km from Muzzafarpur, 543 km from Guwahati, and 670 km from Kolkata, Gangtok is a fascinating hill town and the capital of north-eastern state of Sikkim, India. Known for its cleanliness and breathtaking beauty, it is one of the popular places to visit in Sikkim and is...",2-4,,,True,31,COMPLETE,Merged: WanderSphere_cities + Cities.csv + City.csv + derived from place records,
CT-0177,Namchi,Sikkim,ST-30,South,,,,,,,,False,1,NEEDS_EXTENSIVE_RESEARCH,Merged: WanderSphere_cities + Cities.csv + City.csv + derived from place records,
CT-0178,Pelling,Sikkim,ST-30,,,,Hill Station,"At a distance of 7 km from Gyalshing, 45 km from Ravangla, 58 km from Namchi, 69 km from Darjeeling, 88 km from Kalimpong, 113 km from Gangtok, 127 km from Siliguri, 447 km from Darbhanga, 551 km from Guwahati and 682 km from Kolkata, Pelling is a wonderful hill station located in the West Sikkim district of north Indian state of Sikkim. Situated at an altitude of 6,800 feet, Pelling is the second...",,,,False,1,NEEDS_EXTENSIVE_RESEARCH,Merged: WanderSphere_cities + Cities.csv + City.csv + derived from place records,
CT-0179,Ravangla,Sikkim,ST-30,,,,,,,,,False,1,NEEDS_EXTENSIVE_RESEARCH,Merged: WanderSphere_cities + Cities.csv + City.csv + derived from place records,
CT-0180,Chennai,Tamil Nadu,ST-31,Chennai,13.0138563,80.2637778,City,,,,,True,47,COMPLETE,Merged: WanderSphere_cities + Cities.csv + City.csv + derived from place records,
CT-0181,Chettinad,Tamil Nadu,ST-31,,10.138042833333333,78.77101599999999,Heritage Destination,,,,,False,6,NEEDS_RESEARCH,Merged: WanderSphere_cities + Cities.csv + City.csv + derived from place records,
CT-0182,Chidambaram,Tamil Nadu,ST-31,Cuddalore,,,Historical & Heritage,"Chidambaram is a pilgrimage town in Tamil Nadu. Well known for Nataraja Temple, Chidambaram temple is one of the most celebrated shrines in South India and also one of the famous Tamilnadu places to visit. It is about 66 km from Pondicherry, and 217 km from Chennai.Also known as Thillai, the town is known for the Thillai Nataraja Temple which is dedicated to Lord Shiva. Built during the 11th centu...",,,,False,1,NEEDS_EXTENSIVE_RESEARCH,Merged: WanderSphere_cities + Cities.csv + City.csv + derived from place records,
CT-0183,Coimbatore,Tamil Nadu,ST-31,Coimbatore,10.9989072,76.9405773,City,,,,,True,35,COMPLETE,Merged: WanderSphere_cities + Cities.csv + City.csv + derived from place records,
CT-0184,Courtallam,Tamil Nadu,ST-31,,8.929916666666665,77.26140166666667,Nature Destination,,,,,False,3,NEEDS_EXTENSIVE_RESEARCH,Merged: WanderSphere_cities + Cities.csv + City.csv + derived from place records,
CT-0185,Hogenakkal,Tamil Nadu,ST-31,,12.116524333333333,77.778954,Nature Destination,,,,,False,8,NEEDS_RESEARCH,Merged: WanderSphere_cities + Cities.csv + City.csv + derived from place records,
CT-0186,Kanchipuram,Tamil Nadu,ST-31,,12.837337600000001,79.7051754,Pilgrimage,,,,,False,5,NEEDS_RESEARCH,Merged: WanderSphere_cities + Cities.csv + City.csv + derived from place records,
CT-0187,Kanyakumari,Tamil Nadu,ST-31,,8.079387285714287,77.54886542857142,Beach Destination,,,,,True,28,COMPLETE,Merged: WanderSphere_cities + Cities.csv + City.csv + derived from place records,
CT-0188,Kodaikanal,Tamil Nadu,ST-31,Dindigul,10.231296555555556,77.49090455555556,Hill Station,,,,,True,34,COMPLETE,Merged: WanderSphere_cities + Cities.csv + City.csv + derived from place records,
CT-0189,Madurai,Tamil Nadu,ST-31,Madurai,9.918566625,78.110223375,Pilgrimage,,,,,True,23,COMPLETE,Merged: WanderSphere_cities + Cities.csv + City.csv + derived from place records,
CT-0190,Mahabalipuram,Tamil Nadu,ST-31,,12.620899,80.194649625,Heritage Destination,,,,,False,8,NEEDS_RESEARCH,Merged: WanderSphere_cities + Cities.csv + City.csv + derived from place records,
CT-0191,Ooty,Tamil Nadu,ST-31,,,,Hill Station,"Often referred to as Queen of hill stations, Ooty is one of the best hill stations in India and among the top places to visit in Tamilnadu. Ooty is situated at a distance of 265 km from Bangalore.At an altitude of 7,440 feet, Ooty was a popular summer retreat for the British during colonial days. The rolling hills, lush green vegetation, and misty landscapes attract a large number of tourists to t...",2-3,October-June,,True,41,COMPLETE,Merged: WanderSphere_cities + Cities.csv + City.csv + derived from place records,
CT-0192,Ooty (Udhagamandalam),Tamil Nadu,ST-31,,11.405675375,76.700365625,Hill Station,,,,,False,8,NEEDS_RESEARCH,Merged: WanderSphere_cities + Cities.csv + City.csv + derived from place records,
CT-0193,Pichavaram,Tamil Nadu,ST-31,,11.431882,79.781047,Nature Destination,,,,,False,1,NEEDS_EXTENSIVE_RESEARCH,Merged: WanderSphere_cities + Cities.csv + City.csv + derived from place records,
CT-0194,Rameswaram,Tamil Nadu,ST-31,Ramanathapuram,9.293995125,79.309690625,Pilgrimage,,,,,False,8,NEEDS_RESEARCH,Merged: WanderSphere_cities + Cities.csv + City.csv + derived from place records,
CT-0195,Thanjavur,Tamil Nadu,ST-31,Thanjavur,10.786192428571429,79.13476514285715,Heritage Destination,,,,,True,16,COMPLETE,Merged: WanderSphere_cities + Cities.csv + City.csv + derived from place records,
CT-0196,Tiruchirappalli,Tamil Nadu,ST-31,Tiruchirappalli,10.835345571428572,78.68440671428571,Heritage Destination,,,,,False,7,NEEDS_RESEARCH,Merged: WanderSphere_cities + Cities.csv + City.csv + derived from place records,
CT-0197,Tirunelveli,Tamil Nadu,ST-31,Tirunelveli,,,,,,,,False,1,NEEDS_EXTENSIVE_RESEARCH,Merged: WanderSphere_cities + Cities.csv + City.csv + derived from place records,
CT-0198,Tiruvannamalai,Tamil Nadu,ST-31,Tiruvanamalai,12.231646,79.06774,Pilgrimage,,,,,False,1,NEEDS_EXTENSIVE_RESEARCH,Merged: WanderSphere_cities + Cities.csv + City.csv + derived from place records,
CT-0199,Vellore,Tamil Nadu,ST-31,Vellore,12.922224333333332,79.13507966666667,Heritage Destination,,,,,False,3,NEEDS_EXTENSIVE_RESEARCH,Merged: WanderSphere_cities + Cities.csv + City.csv + derived from place records,
CT-0200,Yelagiri,Tamil Nadu,ST-31,,12.602664,78.651221,Hill Station,,,,,False,1,NEEDS_EXTENSIVE_RESEARCH,Merged: WanderSphere_cities + Cities.csv + City.csv + derived from place records,
CT-0201,Yercaud,Tamil Nadu,ST-31,,11.777837714285713,78.21348814285714,Hill Station,,,,,False,8,NEEDS_RESEARCH,Merged: WanderSphere_cities + Cities.csv + City.csv + derived from place records,
CT-0202,Hyderabad,Telangana,ST-32,Unnao,,,Historical & Heritage,"Hyderabad (also known as Bhagya Nagaram) is the fifth largest metropolis of India and the capital of the states of Telangana and Andhra Pradesh. It is known for its rich history and culture with monuments, mosques, temples, a rich and varied heritage in arts, crafts and dance. Also known as The City of Nizams and The City of Pearls, Hyderabad is today one of the fast developing cities in the count...",2-4,,,True,53,COMPLETE,Merged: WanderSphere_cities + Cities.csv + City.csv + derived from place records,
CT-0203,Agartala,Tripura,ST-33,West Tripura ,,,,,1-2,,,True,11,COMPLETE,Merged: WanderSphere_cities + Cities.csv + City.csv + derived from place records,
CT-0204,Dumboor,Tripura,ST-33,,,,,,,,,False,1,NEEDS_EXTENSIVE_RESEARCH,Merged: WanderSphere_cities + Cities.csv + City.csv + derived from place records,
CT-0205,Unakoti,Tripura,ST-33,,,,,,,,,False,1,NEEDS_EXTENSIVE_RESEARCH,Merged: WanderSphere_cities + Cities.csv + City.csv + derived from place records,
CT-0206,Ahilyanagar,,,,,,,,,,,False,3,NEEDS_EXTENSIVE_RESEARCH,Merged: WanderSphere_cities + Cities.csv + City.csv + derived from place records,
CT-0207,Alibaug,,,,,,Historical & Heritage,"Alibaug, or Alibag is a coastal town in the Raigad district of Maharashtra. About 75 km from Lonavala, & 102 km from Mumbai, it is one of the popular places for beaches in Maharashtra, and among the must include places in Konkan Tour Packages.Located in the Konkan region of Maharashtra, Alibaug is well known for its beautiful beaches and ancient forts that are the most visited places as part of Al...",1-2,,,True,22,COMPLETE,Merged: WanderSphere_cities + Cities.csv + City.csv + derived from place records,
CT-0208,Alleppey,,,,,,Beach,"Popularly known as the 'Venice of the East, Alappuzha or Alleppey is one of the best places to visit near Kochi, and among the must-include places in Kerala tour packages. It is about 63 km from Kochi, and 152 km from Trivandrum.Along with Kumarakom, Alappuzha is among the most famous destination of Backwaters in Kerala. A houseboat cruise in these backwaters is a delightful experience. The never-...",1-2,-February,,True,32,COMPLETE,Merged: WanderSphere_cities + Cities.csv + City.csv + derived from place records,
CT-0209,Amarnath,,,,,,,,1,,,False,3,NEEDS_EXTENSIVE_RESEARCH,Merged: WanderSphere_cities + Cities.csv + City.csv + derived from place records,
CT-0210,Andaman,,,,,,,,4-6,October-March,,True,35,COMPLETE,Merged: WanderSphere_cities + Cities.csv + City.csv + derived from place records,
CT-0211,Andaman Islands,,,,,,Beach,"The Andaman & Nicobar Islands form an archipelago in the Bay of Bengal between India and Myanmar. Most part of the Andaman & Nicobar Islands is a Union Territory of India, while a small part in the north of the archipelago, including the Coco Islands, belongs to Myanmar. Port Blair is the capital town and the tourist hub in Andaman Islands. Andamans are one of the popular destinations for honeymoo...",,,,False,1,NEEDS_EXTENSIVE_RESEARCH,Merged: WanderSphere_cities + Cities.csv + City.csv + derived from place records,
CT-0212,Chhatrapati Sambhajinagar,,,,,,,,,,,False,3,NEEDS_EXTENSIVE_RESEARCH,Merged: WanderSphere_cities + Cities.csv + City.csv + derived from place records,
CT-0213,Dharamshala,,,,,,Hill Station,"At an average altitude of 1,475 m above sea level, Dharamshala is a pristine hill station situated in the Kangra district of Himachal Pradesh. It is one of the best hill stations in Himachal Pradesh, and among the most famous places to visit near Delhi. It is about 234 km from Manali, 237 km from Shimla, and 486 km from Delhi.Often called the gateway to the Kangra valley, Dharamshala is the headqu...",2-4,-,,True,36,COMPLETE,Merged: WanderSphere_cities + Cities.csv + City.csv + derived from place records,
CT-0214,Hubli,,,,,,,,,,,False,3,NEEDS_EXTENSIVE_RESEARCH,Merged: WanderSphere_cities + Cities.csv + City.csv + derived from place records,
CT-0215,Jim Corbett National Park,,,,,,Wildlife,"At a distance of 4 km from Ramnagar Railway Station, 65 km from Nainital, 232 km from Dehradun, and 261 km from Delhi, Jim Corbett National Park is India's oldest and most popular National Park in India. The Park acts as a protection zone for Bengal Tigers of India. It is one of the wellknown wildlife sanctuaries in India and among the best places to visit near Delhi.Corbett National Park was esta...",1-2,,,True,17,COMPLETE,Merged: WanderSphere_cities + Cities.csv + City.csv + derived from place records,
CT-0216,Kasol,,,,,,,,2-3,October-June,,True,18,COMPLETE,Merged: WanderSphere_cities + Cities.csv + City.csv + derived from place records,
CT-0217,Khandala,,,,,,,,1-2,,,True,22,COMPLETE,Merged: WanderSphere_cities + Cities.csv + City.csv + derived from place records,
CT-0218,Lakshadweep,,,,,,,,4-6,September-February,,True,11,COMPLETE,Merged: WanderSphere_cities + Cities.csv + City.csv + derived from place records,
CT-0219,Lavasa,,,,,,,,1,,,False,5,NEEDS_RESEARCH,Merged: WanderSphere_cities + Cities.csv + City.csv + derived from place records,
CT-0220,Leh Ladakh,,,,,,,,5-7,JulyOctober,,True,44,COMPLETE,Merged: WanderSphere_cities + Cities.csv + City.csv + derived from place records,
CT-0221,Mcleodganj,,,,,,,,2-3,October-June,,True,32,COMPLETE,Merged: WanderSphere_cities + Cities.csv + City.csv + derived from place records,
CT-0222,Mumbai,,,,,,Historical & Heritage,"Mumbai is the capital city of the Indian state of Maharashtra. About 149 km from Pune, it is the wealthiest city in India with highest number of billionaires and is also one of the must include places in Maharashtra tour packages.Mumbai is more affectionately known as the city of dreams. The city is a collection of 7 islands and was named after the goddess Mumbadevi. Gateway of India, Chhatrapati ...",3-5,October-February,,True,53,COMPLETE,Merged: WanderSphere_cities + Cities.csv + City.csv + derived from place records,
CT-0223,Nanded,,,,,,,,,,,False,3,NEEDS_EXTENSIVE_RESEARCH,Merged: WanderSphere_cities + Cities.csv + City.csv + derived from place records,
CT-0224,Poovar,,,,,,,,1,,,False,8,NEEDS_RESEARCH,Merged: WanderSphere_cities + Cities.csv + City.csv + derived from place records,
CT-0225,Raigad,,,,,,,,,,,False,3,NEEDS_EXTENSIVE_RESEARCH,Merged: WanderSphere_cities + Cities.csv + City.csv + derived from place records,
CT-0226,Rameshwaram,,,,,,Pilgrimage,"Rameshwaram is one of the popular places of pilgrimage in Tamilnadu as well as in India. Situated at a distance of 562 km from Chennai, the town is home to the famous Rameshwaram Temple, among the must include places in Tamilnadu Tour Packages. Dedicated to Lord Shiva, Rameshwaram Temple is one of the Jyotirlinga temples in India, and is one of the top attractions you must visit as part of Rameshw...",1-2,,,True,21,COMPLETE,Merged: WanderSphere_cities + Cities.csv + City.csv + derived from place records,
CT-0227,Ranthambore,,,,,,,,1,,,True,19,COMPLETE,Merged: WanderSphere_cities + Cities.csv + City.csv + derived from place records,
CT-0228,Sangli,,,,,,,,,,,False,3,NEEDS_EXTENSIVE_RESEARCH,Merged: WanderSphere_cities + Cities.csv + City.csv + derived from place records,
CT-0229,Shimoga (Shivamogga),,,,,,,,1-2,,,True,33,COMPLETE,Merged: WanderSphere_cities + Cities.csv + City.csv + derived from place records,
CT-0230,Sindhudurg,,,,,,,,,,,False,3,NEEDS_EXTENSIVE_RESEARCH,Merged: WanderSphere_cities + Cities.csv + City.csv + derived from place records,
CT-0231,Trichy,,,,,,,,,,,False,3,NEEDS_EXTENSIVE_RESEARCH,Merged: WanderSphere_cities + Cities.csv + City.csv + derived from place records,
CT-0232,Vaishno Devi,,,,,,,,1,,,False,6,NEEDS_RESEARCH,Merged: WanderSphere_cities + Cities.csv + City.csv + derived from place records,
CT-0233,Agra,Uttar Pradesh,ST-34,Agra,,,City,"At a distance of 214 km from Delhi, 242 km from Jaipur, 359 km from Lucknow, 576 km from Bhopal, 847 km from Patna and 876 Km from Ahmedabad, Agra, the land of the Taj Mahal, which is one of the Seven Wonders of the World, is situated on the banks of River Yamuna in the state of Uttar Pradesh. Agra is also among best weekend getaways near Delhi & Noida for a two day trip. Agra is one of the most p...",1-2,,,True,18,COMPLETE,Merged: WanderSphere_cities + Cities.csv + City.csv + derived from place records,
CT-0234,Aligarh,Uttar Pradesh,ST-34,Aligarh,,,,,,,,False,1,NEEDS_EXTENSIVE_RESEARCH,Merged: WanderSphere_cities + Cities.csv + City.csv + derived from place records,
CT-0235,Allahabad,Uttar Pradesh,ST-34,Allahabad ,,,,,,,,False,1,NEEDS_EXTENSIVE_RESEARCH,Merged: WanderSphere_cities + Cities.csv + City.csv + derived from place records,
CT-0236,Ayodhya,Uttar Pradesh,ST-34,Faizabad,,,,,,,,False,1,NEEDS_EXTENSIVE_RESEARCH,Merged: WanderSphere_cities + Cities.csv + City.csv + derived from place records,
CT-0237,Bareilly,Uttar Pradesh,ST-34,Bareilly,,,,,,,,False,3,NEEDS_EXTENSIVE_RESEARCH,Merged: WanderSphere_cities + Cities.csv + City.csv + derived from place records,
CT-0238,Fatehpur Sikri,Uttar Pradesh,ST-34,Agra,,,,,,,,False,1,NEEDS_EXTENSIVE_RESEARCH,Merged: WanderSphere_cities + Cities.csv + City.csv + derived from place records,
CT-0239,Ghaziabad,Uttar Pradesh,ST-34,Ghaziabad,,,,,,,,False,3,NEEDS_EXTENSIVE_RESEARCH,Merged: WanderSphere_cities + Cities.csv + City.csv + derived from place records,
CT-0240,Jhansi,Uttar Pradesh,ST-34,Jhansi,,,,,,,,False,1,NEEDS_EXTENSIVE_RESEARCH,Merged: WanderSphere_cities + Cities.csv + City.csv + derived from place records,
CT-0241,Kanpur,Uttar Pradesh,ST-34,Kanpur Nagar,,,,,,,,False,1,NEEDS_EXTENSIVE_RESEARCH,Merged: WanderSphere_cities + Cities.csv + City.csv + derived from place records,
CT-0242,Lucknow,Uttar Pradesh,ST-34,Lucknow,,,,,1-2,,,True,41,COMPLETE,Merged: WanderSphere_cities + Cities.csv + City.csv + derived from place records,
CT-0243,Mathura,Uttar Pradesh,ST-34,Mathura,,,Pilgrimage,"At a distance of 56 km from Agra, 159 km from Delhi, 419 km from Lucknow and 224 km from Jaipur, Mathura is an ancient city and also the district headquarters of Mathura in the state of Uttar Pradesh. Mathura is one of the popular tourist places near Agra and also one of the best places to visit near Delhi.Mathura is one of the seven cities (Sapta Puri) considered holy by Hindus, the other six are...",1-2,,,True,29,COMPLETE,Merged: WanderSphere_cities + Cities.csv + City.csv + derived from place records,
CT-0244,Meerut,Uttar Pradesh,ST-34,Meerut,,,,,,,,False,3,NEEDS_EXTENSIVE_RESEARCH,Merged: WanderSphere_cities + Cities.csv + City.csv + derived from place records,
CT-0245,Moradabad,Uttar Pradesh,ST-34,Moradabad,,,,,,,,False,3,NEEDS_EXTENSIVE_RESEARCH,Merged: WanderSphere_cities + Cities.csv + City.csv + derived from place records,
CT-0246,Noida,Uttar Pradesh,ST-34,Gautam Buddha Nagar,,,,,,,,False,3,NEEDS_EXTENSIVE_RESEARCH,Merged: WanderSphere_cities + Cities.csv + City.csv + derived from place records,
CT-0247,Porbandar,Uttar Pradesh,ST-34,Porbandar,,,,,,,,False,1,NEEDS_EXTENSIVE_RESEARCH,Merged: WanderSphere_cities + Cities.csv + City.csv + derived from place records,
CT-0248,Sarnath,Uttar Pradesh,ST-34,,,,,,,,,False,1,NEEDS_EXTENSIVE_RESEARCH,Merged: WanderSphere_cities + Cities.csv + City.csv + derived from place records,
CT-0249,Taj Mahal,Uttar Pradesh,ST-34,,,,,,,,,False,1,NEEDS_EXTENSIVE_RESEARCH,Merged: WanderSphere_cities + Cities.csv + City.csv + derived from place records,
CT-0250,Varanasi,Uttar Pradesh,ST-34,Varanasi,,,Pilgrimage,"At a distance of 125 km from Allahabad, 163 km from Aurangabad, 208 km from Gorakhpur, 239 km from Rewa, 250 km from Patna, 258 km from Gaya, 321 km from Lucknow, and 327 km from Kanpur, Varanasi is an ancient city located on the banks of river Ganga in Uttar Pradesh, India. It is one among the most revered places of Pilgrimage in India and also one of the best places to visit in Uttar Pradesh.Als...",2-3,October-March,,True,36,COMPLETE,Merged: WanderSphere_cities + Cities.csv + City.csv + derived from place records,
CT-0251,Vrindavan,Uttar Pradesh,ST-34,Mathura,,,Pilgrimage,"At a distance of 13 km from Mathura, 70 km from Agra, 155 km from Delhi, 400 km from Lucknow and 235 km from Jaipur, Vrindavan is a holy town situated on the banks of Yamuna River in Mathura district of Uttar Pradesh. It is also among the sacred places to visit near Delhi for a 2 day weekend trip and also one of the popular places to visit near Agra.Vrindavan is a major pilgrimage center for the H...",1-2,,,True,16,COMPLETE,Merged: WanderSphere_cities + Cities.csv + City.csv + derived from place records,
CT-0252,Almora,Uttarakhand,ST-35,Almora,,,Hill Station,"At a distance of 64 km from Nainital, 50 km from Ranikhet, 357 km from Dehradun, and 364 km from Delhi, Almora, a scenic hill station in the Almora district is a famous hill resorts in Uttarakhand. It lies at an altitude of 1,651 m, amidst the southern part of the Kumaon Hills. It is a one of the popular hill stations near Delhi and also of one of the top Tourist places in Uttarakhand.Almora is lo...",1-2,,,True,16,COMPLETE,Merged: WanderSphere_cities + Cities.csv + City.csv + derived from place records,
CT-0253,Auli,Uttarakhand,ST-35,,,,,,2-3,,,True,10,COMPLETE,Merged: WanderSphere_cities + Cities.csv + City.csv + derived from place records,
CT-0254,Badrinath,Uttarakhand,ST-35,,,,Pilgrimage,"At a distance of 293 km from Rishikesh, 335 km from Dehradun and 523 km from Delhi, Badrinath is an ancient holy town in Chamoli district of Uttarakhand. It lies at an altitude of 3133 m in the Garhwal Himalayan ranges along the banks of River Alaknanda near India - Tibet border. It is one of the most famous centers of pilgrimage in India and also one of the most popular Uttarakhand places to visi...",,,,False,1,NEEDS_EXTENSIVE_RESEARCH,Merged: WanderSphere_cities + Cities.csv + City.csv + derived from place records,
CT-0255,Chopta,Uttarakhand,ST-35,,,,,,,,,False,1,NEEDS_EXTENSIVE_RESEARCH,Merged: WanderSphere_cities + Cities.csv + City.csv + derived from place records,
CT-0256,Dehradun,Uttarakhand,ST-35,Dehradun,,,,,1-2,,,True,35,COMPLETE,Merged: WanderSphere_cities + Cities.csv + City.csv + derived from place records,
CT-0257,Haridwar,Uttarakhand,ST-35,,,,Pilgrimage,"Haridwar, or Hardwar is an ancient religious city in the Haridwar district of Uttarakhand. About 192 km from Chandigarh, and 208 km from Delhi, it is one of the must include places in Uttarakhand tour packages, and among the prominent pilgrimage sites near Delhi.Situated on the banks of the River Ganges, Haridwar, literally translated as Gateway to God, is one of the seven holiest places for Hindu...",1-2,October-February,,True,29,COMPLETE,Merged: WanderSphere_cities + Cities.csv + City.csv + derived from place records,
CT-0258,Jim Corbett,Uttarakhand,ST-35,,,,,,,,,False,1,NEEDS_EXTENSIVE_RESEARCH,Merged: WanderSphere_cities + Cities.csv + City.csv + derived from place records,
CT-0259,Joshimath,Uttarakhand,ST-35,Chamoli,,,,,,,,False,1,NEEDS_EXTENSIVE_RESEARCH,Merged: WanderSphere_cities + Cities.csv + City.csv + derived from place records,
CT-0260,Kedarnath,Uttarakhand,ST-35,Rudraprayag,,,Pilgrimage,"At a distance of 224 km from Rishikesh, 264 km from Dehradun and 439 km from Delhi, Kedarnath is a town and a famous center of pilgrimage in Uttarakhand situated in Rudraprayag district.Kedarnath is a popular pilgrimage destination for Hindus and is one of the four major Places to visit in Uttarakhand known as Chota Char Dham pilgrimage that also includes Badrinath, Gangotri and Yamunotri. It lies...",,,,False,1,NEEDS_EXTENSIVE_RESEARCH,Merged: WanderSphere_cities + Cities.csv + City.csv + derived from place records,
CT-0261,Mussoorie,Uttarakhand,ST-35,,,,Hill Station,"At a distance of 33 km from Dehradun, 187 km from Ambala, 197 km from Chandigarh, 278 km from Delhi, 263 km from Shimla and 310 km from Nainital, Mussoorie is a popular hill station in Dehradun district of Uttarakhand state. This is one of the most popular hill stations in Uttarakhand and also one of the best tourist places near Delhi. Mussoorie is one of the well known tourist destination not to ...",2-3,,,True,35,COMPLETE,Merged: WanderSphere_cities + Cities.csv + City.csv + derived from place records,
CT-0262,Nainital,Uttarakhand,ST-35,Nainital,,,Hill Station,"Situated at the Kumaon foothills of Himalayas, Nainital is a beautiful hill station in Uttarakhand. It is one of the most popular hill stations in India and among the must-include places in Uttarakhand tour packages. It is about 278 km from Dehradun, and 294 km from Delhi.Nainital is famous for its scenic mountain views and is commonly known as the Lake District of India. Situated at an altitude o...",2-3,,,True,33,COMPLETE,Merged: WanderSphere_cities + Cities.csv + City.csv + derived from place records,
CT-0263,Raipur,Uttarakhand,ST-35,Dehradun,,,,,,,,False,3,NEEDS_EXTENSIVE_RESEARCH,Merged: WanderSphere_cities + Cities.csv + City.csv + derived from place records,
CT-0264,Ranikhet,Uttarakhand,ST-35,Almora,,,,,,,,False,1,NEEDS_EXTENSIVE_RESEARCH,Merged: WanderSphere_cities + Cities.csv + City.csv + derived from place records,
CT-0265,Rishikesh,Uttarakhand,ST-35,Dehradun,,,Pilgrimage,"Located at the foothills of the Himalayas, Rishikesh is a holy city on the banks of the River Ganges in Uttarakhand. It is one of the top pilgrimage sites near Delhi, and among the prominent places to visit in Uttarakhand. It is about 42 km from Dehradun, 201 km from Chandigarh, and 233 km from Delhi.Rishikesh is the gateway to the upper Garhwal region and the starting point for the Char Dham pilg...",2-3,SeptemberJune,,True,44,COMPLETE,Merged: WanderSphere_cities + Cities.csv + City.csv + derived from place records,
CT-0266,Uttarkashi,Uttarakhand,ST-35,Uttarkashi,,,,,,,,False,1,NEEDS_EXTENSIVE_RESEARCH,Merged: WanderSphere_cities + Cities.csv + City.csv + derived from place records,
CT-0267,Bolpur,West Bengal,ST-36,Birbhum,,,,,,,,False,1,NEEDS_EXTENSIVE_RESEARCH,Merged: WanderSphere_cities + Cities.csv + City.csv + derived from place records,
CT-0268,Cooch Behar,West Bengal,ST-36,,,,,,,,,False,1,NEEDS_EXTENSIVE_RESEARCH,Merged: WanderSphere_cities + Cities.csv + City.csv + derived from place records,
CT-0269,Darjeeling,West Bengal,ST-36,,,,Hill Station,"At a distance of 65 km from Siliguri, 98 km from Gangtok, 109 km from Jalpaiguri, 371 km from Manipur, 502 km from Guwahati, 503 km from Patna and 507 km from Kolkata, Darjeeling is a charming hill station located in the Shivalik hills of the lower Himalayas in West Bengal, India. Situated at an altitude of 6,700 feet, Darjeeling is one of the most popular tourist places in West Bengal and among t...",2-3,,,True,23,COMPLETE,Merged: WanderSphere_cities + Cities.csv + City.csv + derived from place records,
CT-0270,Digha,West Bengal,ST-36,,,,,,1-2,,,False,6,NEEDS_RESEARCH,Merged: WanderSphere_cities + Cities.csv + City.csv + derived from place records,
CT-0271,Hooghly,West Bengal,ST-36,,,,,,,,,False,1,NEEDS_EXTENSIVE_RESEARCH,Merged: WanderSphere_cities + Cities.csv + City.csv + derived from place records,
CT-0272,Jalpaiguri,West Bengal,ST-36,Jalpaiguri ,,,,,,,,False,1,NEEDS_EXTENSIVE_RESEARCH,Merged: WanderSphere_cities + Cities.csv + City.csv + derived from place records,
CT-0273,Kalimpong,West Bengal,ST-36,Darjiling ,,,,,2-3,,,True,23,COMPLETE,Merged: WanderSphere_cities + Cities.csv + City.csv + derived from place records,
CT-0274,Kolkata,West Bengal,ST-36,Kolkata,,,,,2-4,,,True,57,COMPLETE,Merged: WanderSphere_cities + Cities.csv + City.csv + derived from place records,
CT-0275,Murshidabad,West Bengal,ST-36,Murshidabad ,,,,,,,,False,1,NEEDS_EXTENSIVE_RESEARCH,Merged: WanderSphere_cities + Cities.csv + City.csv + derived from place records,
CT-0276,Purulia,West Bengal,ST-36,,,,,,,,,False,1,NEEDS_EXTENSIVE_RESEARCH,Merged: WanderSphere_cities + Cities.csv + City.csv + derived from place records,
CT-0277,Siliguri,West Bengal,ST-36,Darjiling and Jalpaiguri,,,,,,,,False,1,NEEDS_EXTENSIVE_RESEARCH,Merged: WanderSphere_cities + Cities.csv + City.csv + derived from place records,
CT-0278,Sundarbans,West Bengal,ST-36,,,,,,,,,False,1,NEEDS_EXTENSIVE_RESEARCH,Merged: WanderSphere_cities + Cities.csv + City.csv + derived from place records,
