duplicate_place_name,duplicate_city,duplicate_source,canonical_place_name,canonical_city,canonical_source,dedup_method
Abbey Falls,Coorg,Tourist_Places_merged,Abbey Falls,Coorg,Top_Indian_Places_to_Visit,exact_normalized_key
Aga Khan Palace,Pune,india_tourism_food_dataset,Aga Khan Palace,Pune,Tourist_Places_merged,exact_normalized_key
Agrasen ki Baoli,Delhi,Tourist_Places_merged,Agrasen ki Baoli,Delhi,Top_Indian_Places_to_Visit,exact_normalized_key
Ajanta Caves,Ajanta and Ellora Caves,Expanded_Indian_Travel_Dataset,Ajanta Caves,Ajanta and Ellora Caves,Tourist_Places_merged,exact_normalized_key
Ajanta Caves,Ajanta and Ellora Caves,Expanded_Indian_Travel_Dataset,Ajanta Caves,Ajanta and Ellora Caves,Tourist_Places_merged,exact_normalized_key
Ajanta Caves,Ajanta and Ellora Caves,Expanded_Indian_Travel_Dataset,Ajanta Caves,Ajanta and Ellora Caves,Tourist_Places_merged,exact_normalized_key
Ajanta Caves,Ajanta and Ellora Caves,Expanded_Indian_Travel_Dataset,Ajanta Caves,Ajanta and Ellora Caves,Tourist_Places_merged,exact_normalized_key
Ajanta Caves,Ajanta and Ellora Caves,Expanded_Indian_Travel_Dataset,Ajanta Caves,Ajanta and Ellora Caves,Tourist_Places_merged,exact_normalized_key
Ajanta Caves,Ajanta and Ellora Caves,Expanded_Indian_Travel_Dataset,Ajanta Caves,Ajanta and Ellora Caves,Tourist_Places_merged,exact_normalized_key
Ajanta Caves,Ajanta and Ellora Caves,Expanded_Indian_Travel_Dataset,Ajanta Caves,Ajanta and Ellora Caves,Tourist_Places_merged,exact_normalized_key
Ajanta Caves,Ajanta and Ellora Caves,Expanded_Indian_Travel_Dataset,Ajanta Caves,Ajanta and Ellora Caves,Tourist_Places_merged,exact_normalized_key
Ajanta Caves,Ajanta and Ellora Caves,Expanded_Indian_Travel_Dataset,Ajanta Caves,Ajanta and Ellora Caves,Tourist_Places_merged,exact_normalized_key
Ajanta Caves,Ajanta and Ellora Caves,Expanded_Indian_Travel_Dataset,Ajanta Caves,Ajanta and Ellora Caves,Tourist_Places_merged,exact_normalized_key
Alibaug beach,Alibaug,Tourist_Places_merged,Alibaug Beach,Alibaug,Top_Indian_Places_to_Visit,exact_normalized_key
Amber Fort,Jaipur,Expanded_Indian_Travel_Dataset,Amber Fort,Jaipur,Top_Indian_Places_to_Visit,exact_normalized_key
Amber Fort,Jaipur,india_tourism_food_dataset,Amber Fort,Jaipur,Top_Indian_Places_to_Visit,exact_normalized_key
Arambol Beach,Goa,Tourist_Places_merged,Arambol Beach,Goa,Top_Indian_Places_to_Visit,exact_normalized_key
Attukal Waterfalls,,Kerala_Karnataka_Districts,Attukal Waterfalls,,Kerala_Karnataka_Districts,exact_normalized_key
Augarnath Temple,Meerut,india_tourism_food_dataset,Augarnath Temple,Meerut,Top_Indian_Places_to_Visit,exact_normalized_key
Bangalore Palace,Bangalore,Tourist_Places_merged,Bangalore Palace,Bangalore,Top_Indian_Places_to_Visit,exact_normalized_key
Bangalore Palace,Bangalore,india_tourism_food_dataset,Bangalore Palace,Bangalore,Top_Indian_Places_to_Visit,exact_normalized_key
Bara Imambara,Lucknow,Tourist_Places_merged,Bara Imambara,Lucknow,Top_Indian_Places_to_Visit,exact_normalized_key
Bara Imambara,Lucknow,india_tourism_food_dataset,Bara Imambara,Lucknow,Top_Indian_Places_to_Visit,exact_normalized_key
Basilica of Bom Jesus,Goa,Tourist_Places_merged,Basilica of Bom Jesus,Goa,Top_Indian_Places_to_Visit,exact_normalized_key
Bee falls,Pachmarhi,Tourist_Places_merged,Bee Falls,Pachmarhi,Top_Indian_Places_to_Visit,exact_normalized_key
Belur Math,Kolkata,Tourist_Places_merged,Belur Math,Kolkata,Top_Indian_Places_to_Visit,exact_normalized_key
Bhoothathankettu Dam,,Kerala_Karnataka_Districts,Bhoothathankettu Dam,,Kerala_Karnataka_Districts,exact_normalized_key
Birla Mandir,Hyderabad,Tourist_Places_merged,Birla Mandir,Hyderabad,Top_Indian_Places_to_Visit,exact_normalized_key
Blossom International Park,,Kerala_Karnataka_Districts,Blossom International Park,,Kerala_Karnataka_Districts,exact_normalized_key
Borra caves,Visakhapatnam,Tourist_Places_merged,Borra Caves,Visakhapatnam,Top_Indian_Places_to_Visit,exact_normalized_key
Brindavan Gardens,Mysore,india_tourism_food_dataset,Brindavan Gardens,Mysore,Tourist_Places_merged,exact_normalized_key
Brindavan Gardens,,Kerala_Karnataka_Districts,Brindavan Gardens,,Kerala_Karnataka_Districts,exact_normalized_key
Bryant Park,Kodaikanal,Tourist_Places_merged,Bryant Park,Kodaikanal,WanderSphere_seed,exact_normalized_key
Calangute Beach,Goa,Expanded_Indian_Travel_Dataset,Calangute Beach,Goa,Top_Indian_Places_to_Visit,exact_normalized_key
Chamundeshwari Temple,Mysore,india_tourism_food_dataset,Chamundeshwari Temple,Mysore,Tourist_Places_merged,exact_normalized_key
Chapora Fort,Goa,Tourist_Places_merged,Chapora Fort,Goa,Top_Indian_Places_to_Visit,exact_normalized_key
Charminar,Hyderabad,Tourist_Places_merged,Charminar,Hyderabad,Top_Indian_Places_to_Visit,exact_normalized_key
Charminar,Hyderabad,india_tourism_food_dataset,Charminar,Hyderabad,Top_Indian_Places_to_Visit,exact_normalized_key
Cheeyappara Waterfalls,,Kerala_Karnataka_Districts,Cheeyappara Waterfalls,,Kerala_Karnataka_Districts,exact_normalized_key
Cherai Beach,Kochi,india_tourism_food_dataset,Cherai Beach,Kochi,Tourist_Places_merged,exact_normalized_key
Chettiar Park,Kodaikanal,Tourist_Places_merged,Chettiar Park,Kodaikanal,WanderSphere_seed,exact_normalized_key
Chinnar Wildlife Sanctuary,,Kerala_Karnataka_Districts,Chinnar Wildlife Sanctuary,,Kerala_Karnataka_Districts,exact_normalized_key
Chittorgarh Fort,Chittorgarh,Tourist_Places_merged,Chittorgarh Fort,Chittorgarh,Top_Indian_Places_to_Visit,exact_normalized_key
Chowmahalla Palace,Hyderabad,Tourist_Places_merged,Chowmahalla Palace,Hyderabad,Top_Indian_Places_to_Visit,exact_normalized_key
City Palace,Jaipur,Tourist_Places_merged,City Palace,Jaipur,Top_Indian_Places_to_Visit,exact_normalized_key
City Palace,Jaipur,india_tourism_food_dataset,City Palace,Jaipur,Top_Indian_Places_to_Visit,exact_normalized_key
City Palace,Udaipur,Tourist_Places_merged,City Palace,Udaipur,Top_Indian_Places_to_Visit,exact_normalized_key
City Palace,Udaipur,Expanded_Indian_Travel_Dataset,City Palace,Udaipur,Top_Indian_Places_to_Visit,exact_normalized_key
City Palace,Udaipur,Expanded_Indian_Travel_Dataset,City Palace,Udaipur,Top_Indian_Places_to_Visit,exact_normalized_key
City Palace,Udaipur,Expanded_Indian_Travel_Dataset,City Palace,Udaipur,Top_Indian_Places_to_Visit,exact_normalized_key
City Palace,Udaipur,Expanded_Indian_Travel_Dataset,City Palace,Udaipur,Top_Indian_Places_to_Visit,exact_normalized_key
City Palace,Udaipur,Expanded_Indian_Travel_Dataset,City Palace,Udaipur,Top_Indian_Places_to_Visit,exact_normalized_key
City Palace,Udaipur,Expanded_Indian_Travel_Dataset,City Palace,Udaipur,Top_Indian_Places_to_Visit,exact_normalized_key
City Palace,Udaipur,Expanded_Indian_Travel_Dataset,City Palace,Udaipur,Top_Indian_Places_to_Visit,exact_normalized_key
City Palace,Udaipur,Expanded_Indian_Travel_Dataset,City Palace,Udaipur,Top_Indian_Places_to_Visit,exact_normalized_key
City Palace,Udaipur,Expanded_Indian_Travel_Dataset,City Palace,Udaipur,Top_Indian_Places_to_Visit,exact_normalized_key
City Palace,Udaipur,Expanded_Indian_Travel_Dataset,City Palace,Udaipur,Top_Indian_Places_to_Visit,exact_normalized_key
City Palace,Udaipur,india_tourism_food_dataset,City Palace,Udaipur,Top_Indian_Places_to_Visit,exact_normalized_key
Coakers Walk,Kodaikanal,Tourist_Places_merged,Coakers Walk,Kodaikanal,WanderSphere_seed,exact_normalized_key
Colva Beach,Goa,Tourist_Places_merged,Colva Beach,Goa,Top_Indian_Places_to_Visit,exact_normalized_key
Cubbon Park,Bangalore,india_tourism_food_dataset,Cubbon Park,Bangalore,Top_Indian_Places_to_Visit,exact_normalized_key
Dal Lake,Srinagar,Tourist_Places_merged,Dal Lake,Srinagar,Top_Indian_Places_to_Visit,exact_normalized_key
Deekshabhoomi,Nagpur,india_tourism_food_dataset,Deekshabhoomi,Nagpur,Top_Indian_Places_to_Visit,exact_normalized_key
Dilwara Temples,Mount Abu,Tourist_Places_merged,Dilwara Temples,Mount Abu,Top_Indian_Places_to_Visit,exact_normalized_key
DLF Mall of India,Noida,india_tourism_food_dataset,DLF Mall of India,Noida,Top_Indian_Places_to_Visit,exact_normalized_key
Dolphin's Nose,Kodaikanal,Tourist_Places_merged,Dolphin's Nose,Kodaikanal,WanderSphere_seed,exact_normalized_key
Echo point,Matheran,Tourist_Places_merged,Echo Point,Matheran,Top_Indian_Places_to_Visit,exact_normalized_key
Echo Point,,Kerala_Karnataka_Districts,Echo Point,,Kerala_Karnataka_Districts,exact_normalized_key
Elephanta Caves,Mumbai,Tourist_Places_merged,Elephanta Caves,Mumbai,Top_Indian_Places_to_Visit,exact_normalized_key
Elephanta Caves,Mumbai,india_tourism_food_dataset,Elephanta Caves,Mumbai,Top_Indian_Places_to_Visit,exact_normalized_key
Eravikulam National Park,,Kerala_Karnataka_Districts,Eravikulam National Park,,Kerala_Karnataka_Districts,exact_normalized_key
Fort Aguada,Goa,Tourist_Places_merged,Fort Aguada,Goa,Top_Indian_Places_to_Visit,exact_normalized_key
Fort Kochi,Kochi,Tourist_Places_merged,Fort Kochi,Kochi,Top_Indian_Places_to_Visit,exact_normalized_key
Fort Kochi,Kochi,india_tourism_food_dataset,Fort Kochi,Kochi,Top_Indian_Places_to_Visit,exact_normalized_key
Fort St. George,Chennai,india_tourism_food_dataset,Fort St. George,Chennai,Tourist_Places_merged,exact_normalized_key
Gandhi Memorial Museum,Madurai,india_tourism_food_dataset,Gandhi Memorial Museum,Madurai,WanderSphere_seed,exact_normalized_key
Garden of Five Senses,Delhi,Tourist_Places_merged,Garden of Five Senses,Delhi,Top_Indian_Places_to_Visit,exact_normalized_key
Gass Forest Museum,Coimbatore,Tourist_Places_merged,Gass Forest Museum,Coimbatore,WanderSphere_seed,exact_normalized_key
Gateway of India,Mumbai,india_tourism_food_dataset,Gateway of India,Mumbai,Top_Indian_Places_to_Visit,exact_normalized_key
Gedee Car Museum,Coimbatore,Tourist_Places_merged,Gedee Car Museum,Coimbatore,WanderSphere_seed,exact_normalized_key
Golconda Fort,Hyderabad,india_tourism_food_dataset,Golconda Fort,Hyderabad,Top_Indian_Places_to_Visit,exact_normalized_key
Golden Temple,Amritsar,Expanded_Indian_Travel_Dataset,Golden Temple,Amritsar,Tourist_Places_merged,exact_normalized_key
Golden Temple,Amritsar,india_tourism_food_dataset,Golden Temple,Amritsar,Tourist_Places_merged,exact_normalized_key
"Government Museum, Chennai",Chennai,Tourist_Places_merged,Government Museum Chennai,Chennai,WanderSphere_seed,exact_normalized_key
Gwalior fort,Gwalior,Tourist_Places_merged,Gwalior Fort,Gwalior,Top_Indian_Places_to_Visit,exact_normalized_key
Gwalior Fort,Gwalior,india_tourism_food_dataset,Gwalior Fort,Gwalior,Top_Indian_Places_to_Visit,exact_normalized_key
Har Ki Pauri,Haridwar,Tourist_Places_merged,Har Ki Pauri,Haridwar,Top_Indian_Places_to_Visit,exact_normalized_key
Hawa Mahal,Jaipur,Tourist_Places_merged,Hawa Mahal,Jaipur,Top_Indian_Places_to_Visit,exact_normalized_key
Hawa Mahal,Jaipur,india_tourism_food_dataset,Hawa Mahal,Jaipur,Top_Indian_Places_to_Visit,exact_normalized_key
Hazratganj Market,Lucknow,india_tourism_food_dataset,Hazratganj Market,Lucknow,Tourist_Places_merged,exact_normalized_key
Hogenakkal Falls,Hogenakkal,Tourist_Places_merged,Hogenakkal Falls,Hogenakkal,WanderSphere_seed,exact_normalized_key
Howrah Bridge,Kolkata,india_tourism_food_dataset,Howrah Bridge,Kolkata,Top_Indian_Places_to_Visit,exact_normalized_key
Humayun's Tomb,Delhi,Tourist_Places_merged,Humayun's Tomb,Delhi,Top_Indian_Places_to_Visit,exact_normalized_key
Hussain Sagar Lake,Hyderabad,india_tourism_food_dataset,Hussain Sagar Lake,Hyderabad,Top_Indian_Places_to_Visit,exact_normalized_key
India Gate,Delhi,india_tourism_food_dataset,India Gate,Delhi,Top_Indian_Places_to_Visit,exact_normalized_key
Indian Museum,Kolkata,Tourist_Places_merged,Indian Museum,Kolkata,Top_Indian_Places_to_Visit,exact_normalized_key
Indian Museum,Kolkata,india_tourism_food_dataset,Indian Museum,Kolkata,Top_Indian_Places_to_Visit,exact_normalized_key
Jagdish Temple,Udaipur,india_tourism_food_dataset,Jagdish Temple,Udaipur,Tourist_Places_merged,exact_normalized_key
Jai Vilas Palace,Gwalior,india_tourism_food_dataset,Jai Vilas Palace,Gwalior,Tourist_Places_merged,exact_normalized_key
Jaisalmer Fort,Jaisalmer,Tourist_Places_merged,Jaisalmer Fort,Jaisalmer,Top_Indian_Places_to_Visit,exact_normalized_key
Jaisalmer Fort,Jaisalmer,Expanded_Indian_Travel_Dataset,Jaisalmer Fort,Jaisalmer,Top_Indian_Places_to_Visit,exact_normalized_key
Jaisalmer Fort,Jaisalmer,Expanded_Indian_Travel_Dataset,Jaisalmer Fort,Jaisalmer,Top_Indian_Places_to_Visit,exact_normalized_key
Jaisalmer Fort,Jaisalmer,Expanded_Indian_Travel_Dataset,Jaisalmer Fort,Jaisalmer,Top_Indian_Places_to_Visit,exact_normalized_key
Jaisalmer Fort,Jaisalmer,Expanded_Indian_Travel_Dataset,Jaisalmer Fort,Jaisalmer,Top_Indian_Places_to_Visit,exact_normalized_key
Jaisalmer Fort,Jaisalmer,Expanded_Indian_Travel_Dataset,Jaisalmer Fort,Jaisalmer,Top_Indian_Places_to_Visit,exact_normalized_key
Jaisalmer Fort,Jaisalmer,Expanded_Indian_Travel_Dataset,Jaisalmer Fort,Jaisalmer,Top_Indian_Places_to_Visit,exact_normalized_key
Jaisalmer Fort,Jaisalmer,Expanded_Indian_Travel_Dataset,Jaisalmer Fort,Jaisalmer,Top_Indian_Places_to_Visit,exact_normalized_key
Jaisalmer Fort,Jaisalmer,Expanded_Indian_Travel_Dataset,Jaisalmer Fort,Jaisalmer,Top_Indian_Places_to_Visit,exact_normalized_key
Jaisalmer Fort,Jaisalmer,Expanded_Indian_Travel_Dataset,Jaisalmer Fort,Jaisalmer,Top_Indian_Places_to_Visit,exact_normalized_key
Jaisalmer Fort,Jaisalmer,Expanded_Indian_Travel_Dataset,Jaisalmer Fort,Jaisalmer,Top_Indian_Places_to_Visit,exact_normalized_key
Jallianwala Bagh,Amritsar,Tourist_Places_merged,Jallianwala Bagh,Amritsar,Top_Indian_Places_to_Visit,exact_normalized_key
Jallianwala Bagh,Amritsar,india_tourism_food_dataset,Jallianwala Bagh,Amritsar,Top_Indian_Places_to_Visit,exact_normalized_key
Jantar Mantar,Delhi,Tourist_Places_merged,Jantar Mantar,Delhi,Top_Indian_Places_to_Visit,exact_normalized_key
Junagarh Fort,Bikaner,Tourist_Places_merged,Junagarh Fort,Bikaner,Top_Indian_Places_to_Visit,exact_normalized_key
Kaas Plateau,Satara,india_tourism_food_dataset,Kaas Plateau,Satara,Top_Indian_Places_to_Visit,exact_normalized_key
Kadalundi Bird Sanctuary,,Kerala_Karnataka_Districts,Kadalundi Bird Sanctuary,,Kerala_Karnataka_Districts,exact_normalized_key
Kailasagiri,Visakhapatnam,Tourist_Places_merged,Kailasagiri,Visakhapatnam,Top_Indian_Places_to_Visit,exact_normalized_key
Kamakhya Temple,Guwahati,india_tourism_food_dataset,Kamakhya Temple,Guwahati,Top_Indian_Places_to_Visit,exact_normalized_key
Kanaka Durga Temple,Vijayawada,india_tourism_food_dataset,Kanaka Durga Temple,Vijayawada,Top_Indian_Places_to_Visit,exact_normalized_key
Kankaria Lake,Ahmedabad,Tourist_Places_merged,Kankaria Lake,Ahmedabad,Top_Indian_Places_to_Visit,exact_normalized_key
Kankaria Lake,Ahmedabad,india_tourism_food_dataset,Kankaria Lake,Ahmedabad,Top_Indian_Places_to_Visit,exact_normalized_key
Karla caves,Lonavala,Tourist_Places_merged,Karla Caves,Lonavala,Top_Indian_Places_to_Visit,exact_normalized_key
Kashi Vishwanath Temple,Varanasi,Tourist_Places_merged,Kashi Vishwanath Temple,Varanasi,Top_Indian_Places_to_Visit,exact_normalized_key
Kazimar Big Mosque,Madurai,Tourist_Places_merged,Kazimar Big Mosque,Madurai,WanderSphere_seed,exact_normalized_key
Kaziranga National Park,Kaziranga National Park,Expanded_Indian_Travel_Dataset,Kaziranga National Park,Kaziranga National Park,Expanded_Indian_Travel_Dataset,exact_normalized_key
Kaziranga National Park,Kaziranga National Park,Expanded_Indian_Travel_Dataset,Kaziranga National Park,Kaziranga National Park,Expanded_Indian_Travel_Dataset,exact_normalized_key
Kaziranga National Park,Kaziranga National Park,Expanded_Indian_Travel_Dataset,Kaziranga National Park,Kaziranga National Park,Expanded_Indian_Travel_Dataset,exact_normalized_key
Kaziranga National Park,Kaziranga National Park,Expanded_Indian_Travel_Dataset,Kaziranga National Park,Kaziranga National Park,Expanded_Indian_Travel_Dataset,exact_normalized_key
Kaziranga National Park,Kaziranga National Park,Expanded_Indian_Travel_Dataset,Kaziranga National Park,Kaziranga National Park,Expanded_Indian_Travel_Dataset,exact_normalized_key
Kaziranga National Park,Kaziranga National Park,Expanded_Indian_Travel_Dataset,Kaziranga National Park,Kaziranga National Park,Expanded_Indian_Travel_Dataset,exact_normalized_key
Kaziranga National Park,Kaziranga National Park,Expanded_Indian_Travel_Dataset,Kaziranga National Park,Kaziranga National Park,Expanded_Indian_Travel_Dataset,exact_normalized_key
Kaziranga National Park,Kaziranga National Park,Expanded_Indian_Travel_Dataset,Kaziranga National Park,Kaziranga National Park,Expanded_Indian_Travel_Dataset,exact_normalized_key
Kaziranga National Park,Kaziranga National Park,Expanded_Indian_Travel_Dataset,Kaziranga National Park,Kaziranga National Park,Expanded_Indian_Travel_Dataset,exact_normalized_key
Kempty Falls,Mussoorie,Tourist_Places_merged,Kempty Falls,Mussoorie,Top_Indian_Places_to_Visit,exact_normalized_key
Kozhippara Waterfalls,,Kerala_Karnataka_Districts,Kozhippara Waterfalls,,Kerala_Karnataka_Districts,exact_normalized_key
Kundala Lake,,Kerala_Karnataka_Districts,Kundala Lake,,Kerala_Karnataka_Districts,exact_normalized_key
Kuzhupilly Beach,,Kerala_Karnataka_Districts,Kuzhupilly Beach,,Kerala_Karnataka_Districts,exact_normalized_key
Lake Pichola,Udaipur,india_tourism_food_dataset,Lake Pichola,Udaipur,Top_Indian_Places_to_Visit,exact_normalized_key
Lakshman Jhula,Rishikesh,Expanded_Indian_Travel_Dataset,Lakshman Jhula,Rishikesh,Expanded_Indian_Travel_Dataset,exact_normalized_key
Lakshman Jhula,Rishikesh,Expanded_Indian_Travel_Dataset,Lakshman Jhula,Rishikesh,Expanded_Indian_Travel_Dataset,exact_normalized_key
Lakshman Jhula,Rishikesh,Expanded_Indian_Travel_Dataset,Lakshman Jhula,Rishikesh,Expanded_Indian_Travel_Dataset,exact_normalized_key
Lakshman Jhula,Rishikesh,Expanded_Indian_Travel_Dataset,Lakshman Jhula,Rishikesh,Expanded_Indian_Travel_Dataset,exact_normalized_key
Lakshman Jhula,Rishikesh,Expanded_Indian_Travel_Dataset,Lakshman Jhula,Rishikesh,Expanded_Indian_Travel_Dataset,exact_normalized_key
Lakshman Jhula,Rishikesh,Expanded_Indian_Travel_Dataset,Lakshman Jhula,Rishikesh,Expanded_Indian_Travel_Dataset,exact_normalized_key
Lakshman Jhula,Rishikesh,Expanded_Indian_Travel_Dataset,Lakshman Jhula,Rishikesh,Expanded_Indian_Travel_Dataset,exact_normalized_key
Lakshman Jhula,Rishikesh,Expanded_Indian_Travel_Dataset,Lakshman Jhula,Rishikesh,Expanded_Indian_Travel_Dataset,exact_normalized_key
Lakshman Jhula,Rishikesh,Expanded_Indian_Travel_Dataset,Lakshman Jhula,Rishikesh,Expanded_Indian_Travel_Dataset,exact_normalized_key
Lalbagh Botanical Garden,Bangalore,india_tourism_food_dataset,Lalbagh Botanical Garden,Bangalore,Top_Indian_Places_to_Visit,exact_normalized_key
Laxmi Vilas Palace,Vadodara,india_tourism_food_dataset,Laxmi Vilas Palace,Vadodara,Top_Indian_Places_to_Visit,exact_normalized_key
Lingaraj Temple,Bhubaneswar,Tourist_Places_merged,Lingaraj Temple,Bhubaneswar,Top_Indian_Places_to_Visit,exact_normalized_key
Lingaraj Temple,Bhubaneswar,india_tourism_food_dataset,Lingaraj Temple,Bhubaneswar,Top_Indian_Places_to_Visit,exact_normalized_key
Lockhart Gap,,Kerala_Karnataka_Districts,Lockhart Gap,,Kerala_Karnataka_Districts,exact_normalized_key
Lodhi Garden,Delhi,Tourist_Places_merged,Lodhi Garden,Delhi,Top_Indian_Places_to_Visit,exact_normalized_key
Lotus Temple,Delhi,Tourist_Places_merged,Lotus Temple,Delhi,Top_Indian_Places_to_Visit,exact_normalized_key
Mahabodhi Temple,Bodh Gaya,Tourist_Places_merged,Mahabodhi Temple,Bodh Gaya,Top_Indian_Places_to_Visit,exact_normalized_key
Mahalakshmi Temple,Kolhapur,india_tourism_food_dataset,Mahalakshmi Temple,Kolhapur,Top_Indian_Places_to_Visit,exact_normalized_key
Mahalaxmi temple,Mumbai,Tourist_Places_merged,Mahalaxmi Temple,Mumbai,Top_Indian_Places_to_Visit,exact_normalized_key
Malayattoor Church,,Kerala_Karnataka_Districts,Malayattoor Church,,Kerala_Karnataka_Districts,exact_normalized_key
Mall Road,Shimla,Expanded_Indian_Travel_Dataset,Mall Road,Shimla,Tourist_Places_merged,exact_normalized_key
Mall Road,Shimla,Expanded_Indian_Travel_Dataset,Mall Road,Shimla,Tourist_Places_merged,exact_normalized_key
Mall Road,Shimla,Expanded_Indian_Travel_Dataset,Mall Road,Shimla,Tourist_Places_merged,exact_normalized_key
Mall Road,Shimla,Expanded_Indian_Travel_Dataset,Mall Road,Shimla,Tourist_Places_merged,exact_normalized_key
Mall Road,Shimla,Expanded_Indian_Travel_Dataset,Mall Road,Shimla,Tourist_Places_merged,exact_normalized_key
Mall Road,Shimla,Expanded_Indian_Travel_Dataset,Mall Road,Shimla,Tourist_Places_merged,exact_normalized_key
Mall Road,Shimla,Expanded_Indian_Travel_Dataset,Mall Road,Shimla,Tourist_Places_merged,exact_normalized_key
Mall Road,Shimla,Expanded_Indian_Travel_Dataset,Mall Road,Shimla,Tourist_Places_merged,exact_normalized_key
Mall Road,Shimla,Expanded_Indian_Travel_Dataset,Mall Road,Shimla,Tourist_Places_merged,exact_normalized_key
Mall Road,Shimla,Expanded_Indian_Travel_Dataset,Mall Road,Shimla,Tourist_Places_merged,exact_normalized_key
Mangalavanam Bird Sanctuary,,Kerala_Karnataka_Districts,Mangalavanam Bird Sanctuary,,Kerala_Karnataka_Districts,exact_normalized_key
Marayoor Sandalwood Forest,,Kerala_Karnataka_Districts,Marayoor Sandalwood Forest,,Kerala_Karnataka_Districts,exact_normalized_key
Marina Beach,Chennai,Top_Indian_Places_to_Visit,Marina Beach,Chennai,WanderSphere_seed,exact_normalized_key
Marina Beach,Chennai,india_tourism_food_dataset,Marina Beach,Chennai,WanderSphere_seed,exact_normalized_key
Marine Drive,Mumbai,india_tourism_food_dataset,Marine Drive,Mumbai,Top_Indian_Places_to_Visit,exact_normalized_key
Mattancherry Palace,Kochi,india_tourism_food_dataset,Mattancherry Palace,Kochi,Tourist_Places_merged,exact_normalized_key
Mattupetty Dam,,Kerala_Karnataka_Districts,Mattupetty Dam,,Kerala_Karnataka_Districts,exact_normalized_key
Meenakshi Amman Temple,Madurai,Top_Indian_Places_to_Visit,Meenakshi Amman Temple,Madurai,WanderSphere_seed,exact_normalized_key
Meenakshi Amman Temple,Madurai,Tourist_Places_merged,Meenakshi Amman Temple,Madurai,WanderSphere_seed,exact_normalized_key
Meenakshi Amman Temple,Madurai,india_tourism_food_dataset,Meenakshi Amman Temple,Madurai,WanderSphere_seed,exact_normalized_key
Mehrangarh Fort,Jodhpur,Tourist_Places_merged,Mehrangarh Fort,Jodhpur,Top_Indian_Places_to_Visit,exact_normalized_key
Mehrangarh Fort,Jodhpur,india_tourism_food_dataset,Mehrangarh Fort,Jodhpur,Top_Indian_Places_to_Visit,exact_normalized_key
Mindrolling Monastery,Dehradun,india_tourism_food_dataset,Mindrolling Monastery,Dehradun,Tourist_Places_merged,exact_normalized_key
Mysore Palace,Mysore,Tourist_Places_merged,Mysore Palace,Mysore,Top_Indian_Places_to_Visit,exact_normalized_key
Mysore Palace,Mysore,Expanded_Indian_Travel_Dataset,Mysore Palace,Mysore,Top_Indian_Places_to_Visit,exact_normalized_key
Mysore Palace,Mysore,Expanded_Indian_Travel_Dataset,Mysore Palace,Mysore,Top_Indian_Places_to_Visit,exact_normalized_key
Mysore Palace,Mysore,Expanded_Indian_Travel_Dataset,Mysore Palace,Mysore,Top_Indian_Places_to_Visit,exact_normalized_key
Mysore Palace,Mysore,Expanded_Indian_Travel_Dataset,Mysore Palace,Mysore,Top_Indian_Places_to_Visit,exact_normalized_key
Mysore Palace,Mysore,Expanded_Indian_Travel_Dataset,Mysore Palace,Mysore,Top_Indian_Places_to_Visit,exact_normalized_key
Mysore Palace,Mysore,Expanded_Indian_Travel_Dataset,Mysore Palace,Mysore,Top_Indian_Places_to_Visit,exact_normalized_key
Mysore Palace,Mysore,Expanded_Indian_Travel_Dataset,Mysore Palace,Mysore,Top_Indian_Places_to_Visit,exact_normalized_key
Mysore Palace,Mysore,Expanded_Indian_Travel_Dataset,Mysore Palace,Mysore,Top_Indian_Places_to_Visit,exact_normalized_key
Mysore Palace,Mysore,Expanded_Indian_Travel_Dataset,Mysore Palace,Mysore,Top_Indian_Places_to_Visit,exact_normalized_key
Mysore Palace,Mysore,Expanded_Indian_Travel_Dataset,Mysore Palace,Mysore,Top_Indian_Places_to_Visit,exact_normalized_key
Mysore Palace,Mysore,india_tourism_food_dataset,Mysore Palace,Mysore,Top_Indian_Places_to_Visit,exact_normalized_key
Naini Lake,Nainital,Tourist_Places_merged,Naini Lake,Nainital,Top_Indian_Places_to_Visit,exact_normalized_key
Nandi Hills,,Kerala_Karnataka_Districts,Nandi Hills,,Kerala_Karnataka_Districts,exact_normalized_key
Nathula Pass,Gangtok,india_tourism_food_dataset,Nathula Pass,Gangtok,Top_Indian_Places_to_Visit,exact_normalized_key
National Gallery Of Modern Art,Delhi,Tourist_Places_merged,National Gallery of Modern Art,Delhi,Top_Indian_Places_to_Visit,exact_normalized_key
Neermahal,Agartala,india_tourism_food_dataset,Neermahal,Agartala,Tourist_Places_merged,exact_normalized_key
Nohkalikai Falls,Cherrapunji,Expanded_Indian_Travel_Dataset,Nohkalikai Falls,Cherrapunji,Expanded_Indian_Travel_Dataset,exact_normalized_key
Nohkalikai Falls,Cherrapunji,Expanded_Indian_Travel_Dataset,Nohkalikai Falls,Cherrapunji,Expanded_Indian_Travel_Dataset,exact_normalized_key
Nohkalikai Falls,Cherrapunji,Expanded_Indian_Travel_Dataset,Nohkalikai Falls,Cherrapunji,Expanded_Indian_Travel_Dataset,exact_normalized_key
Nohkalikai Falls,Cherrapunji,Expanded_Indian_Travel_Dataset,Nohkalikai Falls,Cherrapunji,Expanded_Indian_Travel_Dataset,exact_normalized_key
Nohkalikai Falls,Cherrapunji,Expanded_Indian_Travel_Dataset,Nohkalikai Falls,Cherrapunji,Expanded_Indian_Travel_Dataset,exact_normalized_key
Nohkalikai Falls,Cherrapunji,Expanded_Indian_Travel_Dataset,Nohkalikai Falls,Cherrapunji,Expanded_Indian_Travel_Dataset,exact_normalized_key
Nohkalikai Falls,Cherrapunji,Expanded_Indian_Travel_Dataset,Nohkalikai Falls,Cherrapunji,Expanded_Indian_Travel_Dataset,exact_normalized_key
Nohkalikai Falls,Cherrapunji,Expanded_Indian_Travel_Dataset,Nohkalikai Falls,Cherrapunji,Expanded_Indian_Travel_Dataset,exact_normalized_key
Nohkalikai Falls,Cherrapunji,Expanded_Indian_Travel_Dataset,Nohkalikai Falls,Cherrapunji,Expanded_Indian_Travel_Dataset,exact_normalized_key
Okhla Bird Sanctuary,Noida,india_tourism_food_dataset,Okhla Bird Sanctuary,Noida,Top_Indian_Places_to_Visit,exact_normalized_key
Ooty Lake,Ooty,Tourist_Places_merged,Ooty Lake,Ooty,Top_Indian_Places_to_Visit,exact_normalized_key
Padmanabhaswamy Temple,Thiruvananthapuram,india_tourism_food_dataset,Padmanabhaswamy Temple,Thiruvananthapuram,Top_Indian_Places_to_Visit,exact_normalized_key
Paniyeli Poru,,Kerala_Karnataka_Districts,Paniyeli Poru,,Kerala_Karnataka_Districts,exact_normalized_key
Pothamedu Viewpoint,,Kerala_Karnataka_Districts,Pothamedu Viewpoint,,Kerala_Karnataka_Districts,exact_normalized_key
Prem Mandir,Vrindavan,Tourist_Places_merged,Prem Mandir,Vrindavan,Top_Indian_Places_to_Visit,exact_normalized_key
Promenade Beach,Puducherry,india_tourism_food_dataset,Promenade Beach,Puducherry,Top_Indian_Places_to_Visit,exact_normalized_key
Pushkar Lake,Pushkar,Tourist_Places_merged,Pushkar Lake,Pushkar,Top_Indian_Places_to_Visit,exact_normalized_key
Qutub Minar,Delhi,Tourist_Places_merged,Qutub Minar,Delhi,Top_Indian_Places_to_Visit,exact_normalized_key
Qutub Minar,Delhi,india_tourism_food_dataset,Qutub Minar,Delhi,Top_Indian_Places_to_Visit,exact_normalized_key
Rajwada Palace,Indore,india_tourism_food_dataset,Rajwada Palace,Indore,Top_Indian_Places_to_Visit,exact_normalized_key
Ramanathaswamy Temple,Rameswaram,Top_Indian_Places_to_Visit,Ramanathaswamy Temple,Rameswaram,Top_Indian_Places_to_Visit,exact_normalized_key
Ranganathittu Bird Sanctuary,,Kerala_Karnataka_Districts,Ranganathittu Bird Sanctuary,,Kerala_Karnataka_Districts,exact_normalized_key
Red Fort,Delhi,Tourist_Places_merged,Red Fort,Delhi,Top_Indian_Places_to_Visit,exact_normalized_key
Red Fort,Delhi,india_tourism_food_dataset,Red Fort,Delhi,Top_Indian_Places_to_Visit,exact_normalized_key
Rishikonda Beach,Visakhapatnam,Tourist_Places_merged,Rishikonda Beach,Visakhapatnam,Top_Indian_Places_to_Visit,exact_normalized_key
Robber's Cave,Dehradun,Tourist_Places_merged,Robber's Cave,Dehradun,Top_Indian_Places_to_Visit,exact_normalized_key
Robber’s Cave,Dehradun,india_tourism_food_dataset,Robber's Cave,Dehradun,Top_Indian_Places_to_Visit,exact_normalized_key
Rock Garden,Chandigarh,Tourist_Places_merged,Rock Garden,Chandigarh,Top_Indian_Places_to_Visit,exact_normalized_key
Rock Garden,Chandigarh,india_tourism_food_dataset,Rock Garden,Chandigarh,Top_Indian_Places_to_Visit,exact_normalized_key
Rose Garden,Chandigarh,india_tourism_food_dataset,Rose Garden,Chandigarh,Tourist_Places_merged,exact_normalized_key
Rumi Darwaza,Lucknow,india_tourism_food_dataset,Rumi Darwaza,Lucknow,Tourist_Places_merged,exact_normalized_key
Rumtek Monastery,Gangtok,Tourist_Places_merged,Rumtek Monastery,Gangtok,Top_Indian_Places_to_Visit,exact_normalized_key
Rumtek Monastery,Gangtok,india_tourism_food_dataset,Rumtek Monastery,Gangtok,Top_Indian_Places_to_Visit,exact_normalized_key
Sabarmati Ashram,Ahmedabad,Tourist_Places_merged,Sabarmati Ashram,Ahmedabad,Top_Indian_Places_to_Visit,exact_normalized_key
Sabarmati Ashram,Ahmedabad,india_tourism_food_dataset,Sabarmati Ashram,Ahmedabad,Top_Indian_Places_to_Visit,exact_normalized_key
Sabarmati Riverfront,Ahmedabad,Tourist_Places_merged,Sabarmati Riverfront,Ahmedabad,Top_Indian_Places_to_Visit,exact_normalized_key
Sahastradhara,Dehradun,india_tourism_food_dataset,Sahastradhara,Dehradun,Tourist_Places_merged,exact_normalized_key
Salar Jung Museum,Hyderabad,Tourist_Places_merged,Salar Jung Museum,Hyderabad,Top_Indian_Places_to_Visit,exact_normalized_key
Saptashrungi,Nashik,india_tourism_food_dataset,Saptashrungi,Nashik,Tourist_Places_merged,exact_normalized_key
Saraswathi Mahal Library,Thanjavur,Tourist_Places_merged,Saraswathi Mahal Library,Thanjavur,WanderSphere_seed,exact_normalized_key
Se Cathedral,Goa,Tourist_Places_merged,Se Cathedral,Goa,Top_Indian_Places_to_Visit,exact_normalized_key
Shaniwar Wada,Pune,Tourist_Places_merged,Shaniwar Wada,Pune,Top_Indian_Places_to_Visit,exact_normalized_key
Shaniwar Wada,Pune,india_tourism_food_dataset,Shaniwar Wada,Pune,Top_Indian_Places_to_Visit,exact_normalized_key
Shivanasamudra Falls,,Kerala_Karnataka_Districts,Shivanasamudra Falls,,Kerala_Karnataka_Districts,exact_normalized_key
Shore Temple,Mahabalipuram,Top_Indian_Places_to_Visit,Shore Temple,Mahabalipuram,WanderSphere_seed,exact_normalized_key
Shore Temple,Mahabalipuram,Expanded_Indian_Travel_Dataset,Shore Temple,Mahabalipuram,WanderSphere_seed,exact_normalized_key
Silver Cascade Falls,Kodaikanal,Tourist_Places_merged,Silver Cascade Falls,Kodaikanal,WanderSphere_seed,exact_normalized_key
Sinhagad Fort,Pune,india_tourism_food_dataset,Sinhagad Fort,Pune,Tourist_Places_merged,exact_normalized_key
Solang Valley,Manali,Expanded_Indian_Travel_Dataset,Solang Valley,Manali,Top_Indian_Places_to_Visit,exact_normalized_key
Sri Venkateswara Temple,Tirupati,india_tourism_food_dataset,Sri Venkateswara Temple,Tirupati,Tourist_Places_merged,exact_normalized_key
Submarine Museum,Visakhapatnam,Tourist_Places_merged,Submarine Museum,Visakhapatnam,Top_Indian_Places_to_Visit,exact_normalized_key
Sukhna Lake,Chandigarh,india_tourism_food_dataset,Sukhna Lake,Chandigarh,Tourist_Places_merged,exact_normalized_key
Sundarbans National Park,Sundarbans,Expanded_Indian_Travel_Dataset,Sundarbans National Park,Sundarbans,Top_Indian_Places_to_Visit,exact_normalized_key
Sunder Nursery,Delhi,Tourist_Places_merged,Sunder Nursery,Delhi,Top_Indian_Places_to_Visit,exact_normalized_key
Sunset Point,Kanyakumari,Tourist_Places_merged,Sunset Point,Kanyakumari,WanderSphere_seed,exact_normalized_key
Taj Mahal,Agra,Tourist_Places_merged,Taj Mahal,Agra,Top_Indian_Places_to_Visit,exact_normalized_key
Talakona Waterfall,Tirupati,india_tourism_food_dataset,Talakona Waterfall,Tirupati,Tourist_Places_merged,exact_normalized_key
Tea Gardens,Munnar,Expanded_Indian_Travel_Dataset,Tea Gardens,Munnar,Expanded_Indian_Travel_Dataset,exact_normalized_key
Tea Gardens,Munnar,Expanded_Indian_Travel_Dataset,Tea Gardens,Munnar,Expanded_Indian_Travel_Dataset,exact_normalized_key
Tea Gardens,Munnar,Expanded_Indian_Travel_Dataset,Tea Gardens,Munnar,Expanded_Indian_Travel_Dataset,exact_normalized_key
Tea Gardens,Munnar,Expanded_Indian_Travel_Dataset,Tea Gardens,Munnar,Expanded_Indian_Travel_Dataset,exact_normalized_key
Tea Gardens,Munnar,Expanded_Indian_Travel_Dataset,Tea Gardens,Munnar,Expanded_Indian_Travel_Dataset,exact_normalized_key
Tea Gardens,Munnar,Expanded_Indian_Travel_Dataset,Tea Gardens,Munnar,Expanded_Indian_Travel_Dataset,exact_normalized_key
Tea Gardens,Munnar,Expanded_Indian_Travel_Dataset,Tea Gardens,Munnar,Expanded_Indian_Travel_Dataset,exact_normalized_key
Tea Gardens,Munnar,Expanded_Indian_Travel_Dataset,Tea Gardens,Munnar,Expanded_Indian_Travel_Dataset,exact_normalized_key
Tea Gardens,Munnar,Expanded_Indian_Travel_Dataset,Tea Gardens,Munnar,Expanded_Indian_Travel_Dataset,exact_normalized_key
Thattekad Bird Sanctuary,,Kerala_Karnataka_Districts,Thattekad Bird Sanctuary,,Kerala_Karnataka_Districts,exact_normalized_key
Thiksey Monastery,Leh,Top_Indian_Places_to_Visit,Thiksey Monastery,Leh,Top_Indian_Places_to_Visit,exact_normalized_key
Thusharagiri Waterfalls,,Kerala_Karnataka_Districts,Thusharagiri Waterfalls,,Kerala_Karnataka_Districts,exact_normalized_key
Tiger Hill,Darjeeling,Tourist_Places_merged,Tiger Hill,Darjeeling,Top_Indian_Places_to_Visit,exact_normalized_key
Tiger Hill,Darjeeling,Expanded_Indian_Travel_Dataset,Tiger Hill,Darjeeling,Top_Indian_Places_to_Visit,exact_normalized_key
Tiger Hill,Darjeeling,Expanded_Indian_Travel_Dataset,Tiger Hill,Darjeeling,Top_Indian_Places_to_Visit,exact_normalized_key
Tiger Hill,Darjeeling,Expanded_Indian_Travel_Dataset,Tiger Hill,Darjeeling,Top_Indian_Places_to_Visit,exact_normalized_key
Tiger Hill,Darjeeling,Expanded_Indian_Travel_Dataset,Tiger Hill,Darjeeling,Top_Indian_Places_to_Visit,exact_normalized_key
Tiger Hill,Darjeeling,Expanded_Indian_Travel_Dataset,Tiger Hill,Darjeeling,Top_Indian_Places_to_Visit,exact_normalized_key
Tiger Hill,Darjeeling,Expanded_Indian_Travel_Dataset,Tiger Hill,Darjeeling,Top_Indian_Places_to_Visit,exact_normalized_key
Tiger Hill,Darjeeling,Expanded_Indian_Travel_Dataset,Tiger Hill,Darjeeling,Top_Indian_Places_to_Visit,exact_normalized_key
Tiger Hill,Darjeeling,Expanded_Indian_Travel_Dataset,Tiger Hill,Darjeeling,Top_Indian_Places_to_Visit,exact_normalized_key
Tiger Hill,Darjeeling,Expanded_Indian_Travel_Dataset,Tiger Hill,Darjeeling,Top_Indian_Places_to_Visit,exact_normalized_key
Tiger Hill,Darjeeling,Expanded_Indian_Travel_Dataset,Tiger Hill,Darjeeling,Top_Indian_Places_to_Visit,exact_normalized_key
TNAU Botanical Garden,Coimbatore,Tourist_Places_merged,TNAU Botanical Garden,Coimbatore,WanderSphere_seed,exact_normalized_key
Top Station,,Kerala_Karnataka_Districts,Top Station,,Kerala_Karnataka_Districts,exact_normalized_key
Tsomgo Lake,Gangtok,india_tourism_food_dataset,Tsomgo Lake,Gangtok,Tourist_Places_merged,exact_normalized_key
Ujjayanta Palace,Agartala,Tourist_Places_merged,Ujjayanta Palace,Agartala,Top_Indian_Places_to_Visit,exact_normalized_key
Ujjayanta Palace,Agartala,india_tourism_food_dataset,Ujjayanta Palace,Agartala,Top_Indian_Places_to_Visit,exact_normalized_key
Umaid Bhawan Palace,Jodhpur,india_tourism_food_dataset,Umaid Bhawan Palace,Jodhpur,Tourist_Places_merged,exact_normalized_key
Upper Lake View,Kodaikanal,Tourist_Places_merged,Upper Lake View,Kodaikanal,WanderSphere_seed,exact_normalized_key
Vaishno Devi,Jammu,Tourist_Places_merged,Vaishno Devi,Jammu,Top_Indian_Places_to_Visit,exact_normalized_key
Valara Waterfalls,,Kerala_Karnataka_Districts,Valara Waterfalls,,Kerala_Karnataka_Districts,exact_normalized_key
Varkala Beach,Varkala,Tourist_Places_merged,Varkala Beach,Varkala,Top_Indian_Places_to_Visit,exact_normalized_key
Vembanad Lake,,Kerala_Karnataka_Districts,Vembanad Lake,,Kerala_Karnataka_Districts,exact_normalized_key
Victoria Memorial,Kolkata,india_tourism_food_dataset,Victoria Memorial,Kolkata,Top_Indian_Places_to_Visit,exact_normalized_key
Vidhana Soudha,Bangalore,Tourist_Places_merged,Vidhana Soudha,Bangalore,Top_Indian_Places_to_Visit,exact_normalized_key
View Tower,Kanyakumari,Tourist_Places_merged,View Tower,Kanyakumari,WanderSphere_seed,exact_normalized_key
Vivekananda Rock Memorial,Kanyakumari,Top_Indian_Places_to_Visit,Vivekananda Rock Memorial,Kanyakumari,WanderSphere_seed,exact_normalized_key
Vivekananda Rock Memorial,Kanyakumari,Tourist_Places_merged,Vivekananda Rock Memorial,Kanyakumari,WanderSphere_seed,exact_normalized_key
VOC Park and Zoo,Coimbatore,india_tourism_food_dataset,VOC Park and Zoo,Coimbatore,Tourist_Places_merged,exact_normalized_key
Wagah Border,Amritsar,Tourist_Places_merged,Wagah Border,Amritsar,Top_Indian_Places_to_Visit,exact_normalized_key
Wagah Border,Amritsar,india_tourism_food_dataset,Wagah Border,Amritsar,Top_Indian_Places_to_Visit,exact_normalized_key
Waste to Wonder Park,Delhi,Tourist_Places_merged,Waste to Wonder Park,Delhi,Top_Indian_Places_to_Visit,exact_normalized_key
Wayanad Wildlife Sanctuary,Wayanad,Tourist_Places_merged,Wayanad Wildlife Sanctuary,Wayanad,Top_Indian_Places_to_Visit,exact_normalized_key
Wonderla Amusement Park,Kochi,Tourist_Places_merged,Wonderla Amusement Park,Kochi,Top_Indian_Places_to_Visit,exact_normalized_key
Wonderla Amusement Park,,Kerala_Karnataka_Districts,Wonderla Amusement Park,,Kerala_Karnataka_Districts,exact_normalized_key
Yarada Beach,Visakhapatnam,india_tourism_food_dataset,Yarada Beach,Visakhapatnam,Tourist_Places_merged,exact_normalized_key
Adul Bada Cottage,Shirdi,Tourist_Places_merged,Abdul Baba cottage,Shirdi,,fuzzy_name_match
Barkana Falls,Shimoga (Shivamogga),Tourist_Places_merged,Achakanya Falls,Shimoga (Shivamogga),,fuzzy_name_match
Adalaj Stepwell,Ahmedabad,india_tourism_food_dataset,Adalaj Step Well,Ahmedabad,,fuzzy_name_match
Javari Temple,Khajuraho,Tourist_Places_merged,Adinath Temple,Khajuraho,,fuzzy_name_match
Lakshman Temple,Khajuraho,Tourist_Places_merged,Adinath Temple,Khajuraho,,fuzzy_name_match
Lakshmi temple,Khajuraho,Tourist_Places_merged,Adinath Temple,Khajuraho,,fuzzy_name_match
Nandi Temple,Khajuraho,Tourist_Places_merged,Adinath Temple,Khajuraho,,fuzzy_name_match
Parsvanath temple,Khajuraho,Tourist_Places_merged,Adinath Temple,Khajuraho,,fuzzy_name_match
Shantinath Temple,Khajuraho,Tourist_Places_merged,Adinath Temple,Khajuraho,,fuzzy_name_match
Vaman Temple,Khajuraho,Tourist_Places_merged,Adinath Temple,Khajuraho,,fuzzy_name_match
Varaha Temple,Khajuraho,Tourist_Places_merged,Adinath Temple,Khajuraho,,fuzzy_name_match
Vishwanath Temple,Khajuraho,Tourist_Places_merged,Adinath Temple,Khajuraho,,fuzzy_name_match
Andretti Island,Lakshadweep,Tourist_Places_merged,Agatti Islands,Lakshadweep,,fuzzy_name_match
Kavaratti Islands,Lakshadweep,Tourist_Places_merged,Agatti Islands,Lakshadweep,,fuzzy_name_match
Anjuna Beach,Goa,Top_Indian_Places_to_Visit,Aguada Beach,Goa,,fuzzy_name_match
Baga Beach,Goa,Top_Indian_Places_to_Visit,Aguada Beach,Goa,,fuzzy_name_match
Agonda Beach,Goa,Tourist_Places_merged,Aguada Beach,Goa,,fuzzy_name_match
Vagator Beach,Goa,Tourist_Places_merged,Aguada Beach,Goa,,fuzzy_name_match
The Ajanta caves,Aurangabad,Tourist_Places_merged,Ajanta Caves,Aurangabad,,fuzzy_name_match
Ajmer Sharif,Ajmer,Tourist_Places_merged,Ajmer Sharif Dargah,Ajmer,,fuzzy_name_match
Akkarai Beach,Chennai,Tourist_Places_merged,Marina Beach,Chennai,,fuzzy_name_match
Neelankarai Beach,Chennai,Tourist_Places_merged,Marina Beach,Chennai,,fuzzy_name_match
Kalamb Beach,Mumbai,Tourist_Places_merged,Aksa Beach,Mumbai,,fuzzy_name_match
Swaminarayan Akshardham Temple,Delhi,Tourist_Places_merged,Akshardham Temple,Delhi,,fuzzy_name_match
Awas Beach,Alibaug,Tourist_Places_merged,Akshi Beach,Alibaug,,fuzzy_name_match
Kashid Beach,Alibaug,Tourist_Places_merged,Akshi Beach,Alibaug,,fuzzy_name_match
Kihim beach,Alibaug,Tourist_Places_merged,Akshi Beach,Alibaug,,fuzzy_name_match
Korlai Beach,Alibaug,Tourist_Places_merged,Akshi Beach,Alibaug,,fuzzy_name_match
Nagaon Beach,Alibaug,Tourist_Places_merged,Akshi Beach,Alibaug,,fuzzy_name_match
Saswane Beach,Alibaug,Tourist_Places_merged,Akshi Beach,Alibaug,,fuzzy_name_match
Varsoli Beach,Alibaug,Tourist_Places_merged,Akshi Beach,Alibaug,,fuzzy_name_match
Alarnatha Temple,Puri,Tourist_Places_merged,Jagannath Temple,Puri,,fuzzy_name_match
Ganesh Temple,Puri,Tourist_Places_merged,Jagannath Temple,Puri,,fuzzy_name_match
Lakshmi Temple,Puri,Tourist_Places_merged,Jagannath Temple,Puri,,fuzzy_name_match
Lokanath Temple,Puri,Tourist_Places_merged,Jagannath Temple,Puri,,fuzzy_name_match
Sakshi Gopal Temple,Puri,Tourist_Places_merged,Jagannath Temple,Puri,,fuzzy_name_match
Sri Jagannath Puri Temple,Puri,Tourist_Places_merged,Jagannath Temple,Puri,,fuzzy_name_match
Belvedere Point,Matheran,Tourist_Places_merged,Alexander point,Matheran,,fuzzy_name_match
Malang Point,Matheran,Tourist_Places_merged,Alexander point,Matheran,,fuzzy_name_match
Panorama point,Matheran,Tourist_Places_merged,Alexander point,Matheran,,fuzzy_name_match
Rambagh point,Matheran,Tourist_Places_merged,Alexander point,Matheran,,fuzzy_name_match
Ambadevi Temple,Amravati,india_tourism_food_dataset,Amaravathi Temple,Amravati,,fuzzy_name_match
Amarnath Yatra,Amarnath,Tourist_Places_merged,Amarnath Cave,Amarnath,,fuzzy_name_match
"Amber Fort, Jaipur",Jaipur,Tourist_Places_merged,Amber Fort,Jaipur,,fuzzy_name_match
Minicoy Island,Lakshadweep,Tourist_Places_merged,Amindivi Islands,Lakshadweep,,fuzzy_name_match
Anandi Water Park,Lucknow,Tourist_Places_merged,Amrapali Water Park,Lucknow,,fuzzy_name_match
Foy Sagar Lake,Ajmer,Tourist_Places_merged,Ana Sagar Lake,Ajmer,,fuzzy_name_match
Andhra Ashram,Rishikesh,Tourist_Places_merged,Anand Prakash Ashram,Rishikesh,,fuzzy_name_match
Omkarananda Ashram,Rishikesh,Tourist_Places_merged,Anand Prakash Ashram,Rishikesh,,fuzzy_name_match
Sadhaka Grama Ashram,Rishikesh,Tourist_Places_merged,Anand Prakash Ashram,Rishikesh,,fuzzy_name_match
Sivananda Ashram,Rishikesh,Tourist_Places_merged,Anand Prakash Ashram,Rishikesh,,fuzzy_name_match
Swarg Ashram,Rishikesh,Tourist_Places_merged,Anand Prakash Ashram,Rishikesh,,fuzzy_name_match
Vanprastha Ashram,Rishikesh,Tourist_Places_merged,Anand Prakash Ashram,Rishikesh,,fuzzy_name_match
Art Shopping in Bada Bazar,Udaipur,Tourist_Places_merged,Apparel shopping in Hathi Pol Bazar,Udaipur,,fuzzy_name_match
Atmeshwar Temple,Pushkar,Tourist_Places_merged,Apteshwar temple,Pushkar,,fuzzy_name_match
Colva Beach,Goa,Top_Indian_Places_to_Visit|Tourist_Places_merged,Arambol Beach,Goa,,fuzzy_name_match
Miramar Beach,Goa,Top_Indian_Places_to_Visit,Arambol Beach,Goa,,fuzzy_name_match
Palolem Beach,Goa,Top_Indian_Places_to_Visit,Arambol Beach,Goa,,fuzzy_name_match
Ashwem Beach,Goa,Tourist_Places_merged,Arambol Beach,Goa,,fuzzy_name_match
Bambolim Beach,Goa,Tourist_Places_merged,Arambol Beach,Goa,,fuzzy_name_match
Candolim Beach,Goa,Tourist_Places_merged,Arambol Beach,Goa,,fuzzy_name_match
Cavelossim Beach,Goa,Tourist_Places_merged,Arambol Beach,Goa,,fuzzy_name_match
Morjim Beach,Goa,Tourist_Places_merged,Arambol Beach,Goa,,fuzzy_name_match
Patnem Beach,Goa,Tourist_Places_merged,Arambol Beach,Goa,,fuzzy_name_match
Archaeological Museum,Hampi,Tourist_Places_merged,Hampi Archaeological Ruins,Hampi,,fuzzy_name_match
Mrignayani Emporium,Gwalior,Tourist_Places_merged,Arihant Emporium,Gwalior,,fuzzy_name_match
Thaikal Beach,Alleppey,Tourist_Places_merged,Arthunkal Beach,Alleppey,,fuzzy_name_match
Arthur's seat,Mahabaleshwar,Tourist_Places_merged,Arthur's Seat Trek,Mahabaleshwar,,fuzzy_name_match
Koodal Azhagar Temple,Madurai,Tourist_Places_merged,Arulmigu Koodal Azhagar Temple,Madurai,,fuzzy_name_match
Chowara Beach,Kovalam,Tourist_Places_merged,Ashoka Beach,Kovalam,,fuzzy_name_match
Hawah Beach,Kovalam,Tourist_Places_merged,Ashoka Beach,Kovalam,,fuzzy_name_match
Kuthumkal Waterfalls,Munnar,Tourist_Places_merged,Atukkad Waterfalls,Munnar,,fuzzy_name_match
Lakkom Water Falls,Munnar,Tourist_Places_merged,Atukkad Waterfalls,Munnar,,fuzzy_name_match
Nyayamakad Waterfalls,Munnar,Tourist_Places_merged,Atukkad Waterfalls,Munnar,,fuzzy_name_match
Bansidhar Garden,Ahmedabad,Tourist_Places_merged,AUDA Garden,Ahmedabad,,fuzzy_name_match
Law Garden,Ahmedabad,Tourist_Places_merged,AUDA Garden,Ahmedabad,,fuzzy_name_match
Parimal Garden,Ahmedabad,Tourist_Places_merged,AUDA Garden,Ahmedabad,,fuzzy_name_match
Usmanpura Garden,Ahmedabad,Tourist_Places_merged,AUDA Garden,Ahmedabad,,fuzzy_name_match
Auroville Ashram,Pondicherry,Tourist_Places_merged,Aurobindo Ashram,Pondicherry,,fuzzy_name_match
Auroville Beach,Pondicherry,Tourist_Places_merged,Aurobindo Ashram,Pondicherry,,fuzzy_name_match
Auroville,Pondicherry,Tourist_Places_merged,Aurobindo Ashram,Pondicherry,,fuzzy_name_match
"Bajreshwari Temple, Kangra",Mcleodganj,Tourist_Places_merged,"Baglamukhi Temple, Kangra",Mcleodganj,,fuzzy_name_match
"Kaleshwar Mahadev Temple, Kangra",Mcleodganj,Tourist_Places_merged,"Baglamukhi Temple, Kangra",Mcleodganj,,fuzzy_name_match
Balighai Beach,Puri,Tourist_Places_merged,Baleshwar Beach,Puri,,fuzzy_name_match
Baliharachandi Beach,Puri,Tourist_Places_merged,Baleshwar Beach,Puri,,fuzzy_name_match
Banasura Hill,Wayanad,Tourist_Places_merged,Banasura Dam,Wayanad,,fuzzy_name_match
Banke Bihari Mandir,Vrindavan,Tourist_Places_merged,Banke Bihari Temple,Vrindavan,,fuzzy_name_match
Gorton Castle,Shimla,Tourist_Places_merged,Bantony Castle,Shimla,,fuzzy_name_match
Rothney Castle,Shimla,Tourist_Places_merged,Bantony Castle,Shimla,,fuzzy_name_match
Chota Imambara,Lucknow,Tourist_Places_merged,Bara Imambara,Lucknow,,fuzzy_name_match
Barren Island,Andaman,Tourist_Places_merged,Baratang Island,Andaman,,fuzzy_name_match
Cinque Island,Andaman,Tourist_Places_merged,Baratang Island,Andaman,,fuzzy_name_match
Long Island,Andaman,Tourist_Places_merged,Baratang Island,Andaman,,fuzzy_name_match
Neil Island,Andaman,Tourist_Places_merged,Baratang Island,Andaman,,fuzzy_name_match
Parrot Island,Andaman,Tourist_Places_merged,Baratang Island,Andaman,,fuzzy_name_match
Ross Island,Andaman,Tourist_Places_merged,Baratang Island,Andaman,,fuzzy_name_match
Rutland Island,Andaman,Tourist_Places_merged,Baratang Island,Andaman,,fuzzy_name_match
Viper Island,Andaman,Tourist_Places_merged,Baratang Island,Andaman,,fuzzy_name_match
Bhainsrorgarh Wildlife Sanctuary,Chittorgarh,Tourist_Places_merged,Bassi Wildlife Sanctuary,Chittorgarh,,fuzzy_name_match
Sitamata Wildlife Sanctuary,Chittorgarh,Tourist_Places_merged,Bassi Wildlife Sanctuary,Chittorgarh,,fuzzy_name_match
Raghunath Temple,Jammu,Tourist_Places_merged,Bhairavnath Temple,Jammu,,fuzzy_name_match
Bhaja Caves,Lonavala,Tourist_Places_merged,Karla Caves,Lonavala,,fuzzy_name_match
Brahmeshwara Temple,Bhubaneswar,Tourist_Places_merged,Bhaskareswara Temple,Bhubaneswar,,fuzzy_name_match
Mukteswara Temple,Bhubaneswar,Tourist_Places_merged,Bhaskareswara Temple,Bhubaneswar,,fuzzy_name_match
Parasurameswara Temple,Bhubaneswar,Tourist_Places_merged,Bhaskareswara Temple,Bhubaneswar,,fuzzy_name_match
Brahmeswar Temple,Bhubaneswar,india_tourism_food_dataset,Bhaskareswara Temple,Bhubaneswar,,fuzzy_name_match
Gopishvar Mahadev Temple,Mathura,Tourist_Places_merged,Bhuteshwar Mahadev Temple,Mathura,,fuzzy_name_match
Chandi Devi Temple,Haridwar,Tourist_Places_merged,Bilkeshwar Mahadev Temple,Haridwar,,fuzzy_name_match
Daksha Mahadev Temple,Haridwar,Tourist_Places_merged,Bilkeshwar Mahadev Temple,Haridwar,,fuzzy_name_match
Gaurishankar Mahadev Temple,Haridwar,Tourist_Places_merged,Bilkeshwar Mahadev Temple,Haridwar,,fuzzy_name_match
Mansa Devi Temple,Haridwar,Tourist_Places_merged,Bilkeshwar Mahadev Temple,Haridwar,,fuzzy_name_match
Maya Devi Temple,Haridwar,Tourist_Places_merged,Bilkeshwar Mahadev Temple,Haridwar,,fuzzy_name_match
Sureshwari Devi Temple,Haridwar,Tourist_Places_merged,Bilkeshwar Mahadev Temple,Haridwar,,fuzzy_name_match
Vaishno Devi Temple,Haridwar,Tourist_Places_merged,Bilkeshwar Mahadev Temple,Haridwar,,fuzzy_name_match
Gopal Mandir,Ujjain,Tourist_Places_merged,Birla Mandir,Ujjain,,fuzzy_name_match
Ram Mandir Ghat,Ujjain,Tourist_Places_merged,Birla Mandir,Ujjain,,fuzzy_name_match
Ram Mandir,Ujjain,Tourist_Places_merged,Birla Mandir,Ujjain,,fuzzy_name_match
Shani Mandir,Ujjain,Tourist_Places_merged,Birla Mandir,Ujjain,,fuzzy_name_match
Guda Bishnoi Village,Jodhpur,Tourist_Places_merged,Bishnoi Village Tour,Jodhpur,,fuzzy_name_match
Camping in Chennai,Chennai,Tourist_Places_merged,Boating in Chennai,Chennai,,fuzzy_name_match
Go Fishing In Chennai,Chennai,Tourist_Places_merged,Boating in Chennai,Chennai,,fuzzy_name_match
Paintball In Chennai,Chennai,Tourist_Places_merged,Boating in Chennai,Chennai,,fuzzy_name_match
Paragliding In Chennai,Chennai,Tourist_Places_merged,Boating in Chennai,Chennai,,fuzzy_name_match
Parasailing in Chennai,Chennai,Tourist_Places_merged,Boating in Chennai,Chennai,,fuzzy_name_match
Rock climbing In Chennai,Chennai,Tourist_Places_merged,Boating in Chennai,Chennai,,fuzzy_name_match
Scuba Diving in Chennai,Chennai,Tourist_Places_merged,Boating in Chennai,Chennai,,fuzzy_name_match
Surfing In Chennai,Chennai,Tourist_Places_merged,Boating in Chennai,Chennai,,fuzzy_name_match
Bougainvillea Garden,Chandigarh,Tourist_Places_merged,Botanical Garden,Chandigarh,,fuzzy_name_match
Brihadeeswarar Temple,Thanjavur,Top_Indian_Places_to_Visit,Brihadeeswara Temple,Thanjavur,,fuzzy_name_match
Brahadeshwara Temple,Thanjavur,Tourist_Places_merged,Brihadeeswara Temple,Thanjavur,,fuzzy_name_match
Mahadev Temple,Pushkar,Tourist_Places_merged,Brahma Temple,Pushkar,,fuzzy_name_match
Varaha Temple,Pushkar,Tourist_Places_merged,Brahma Temple,Pushkar,,fuzzy_name_match
Pushpagiri Wildlife Sanctuary,Coorg,Tourist_Places_merged,Brahmagiri Wildlife Sanctuary,Coorg,,fuzzy_name_match
Brahmayoni Temple,Bodh Gaya,Tourist_Places_merged,Mahabodhi Temple,Bodh Gaya,,fuzzy_name_match
Hibicus Garden,Chandigarh,Tourist_Places_merged,Cactus Garden,Chandigarh,,fuzzy_name_match
Cycling in Pondicherry,Pondicherry,Tourist_Places_merged,Cafes in Pondicherry,Pondicherry,,fuzzy_name_match
ISKCON Pondicherry,Pondicherry,Tourist_Places_merged,Cafes in Pondicherry,Pondicherry,,fuzzy_name_match
Scuba Diving in Pondicherry,Pondicherry,Tourist_Places_merged,Cafes in Pondicherry,Pondicherry,,fuzzy_name_match
Water Sports in Pondicherry,Pondicherry,Tourist_Places_merged,Cafes in Pondicherry,Pondicherry,,fuzzy_name_match
Camping in Pushkar,Pushkar,Tourist_Places_merged,Camel Safari in Pushkar,Pushkar,,fuzzy_name_match
Skiing in Auli,Auli,Tourist_Places_merged,Camping in Auli,Auli,,fuzzy_name_match
Paragliding in Mcleodganj,Mcleodganj,Tourist_Places_merged,Camping in Mcleodganj,Mcleodganj,,fuzzy_name_match
Pohlani Devi Temple,Dalhousie,Tourist_Places_merged,Chamunda Devi Temple,Dalhousie,,fuzzy_name_match
Shop at Chandni Chowk,Delhi,Tourist_Places_merged,Chandni Chowk,Delhi,,fuzzy_name_match
Shankarpur Beach,Digha,Tourist_Places_merged,Chandpur Beach,Digha,,fuzzy_name_match
Udaipur Beach,Digha,Tourist_Places_merged,Chandpur Beach,Digha,,fuzzy_name_match
Chandragiri Fort,Tirupati,india_tourism_food_dataset,Chandragiri Palace & Fort,Tirupati,,fuzzy_name_match
Khardung La Pass,Leh Ladakh,Tourist_Places_merged,Chang La Pass,Leh Ladakh,,fuzzy_name_match
Chingara Falls,Madikeri,Tourist_Places_merged,Chelavara Falls,Madikeri,,fuzzy_name_match
Hemis Monastery,Leh Ladakh,Tourist_Places_merged,Chemrey Monastery,Leh Ladakh,,fuzzy_name_match
Hundur Monastery,Leh Ladakh,Tourist_Places_merged,Chemrey Monastery,Leh Ladakh,,fuzzy_name_match
Likir Monastery,Leh Ladakh,Tourist_Places_merged,Chemrey Monastery,Leh Ladakh,,fuzzy_name_match
Spituk Monastery,Leh Ladakh,Tourist_Places_merged,Chemrey Monastery,Leh Ladakh,,fuzzy_name_match
Thiksey Monastery,Leh Ladakh,Tourist_Places_merged,Chemrey Monastery,Leh Ladakh,,fuzzy_name_match
Vietnamese Temple,Bodh Gaya,Tourist_Places_merged,Chinese Temple,Bodh Gaya,,fuzzy_name_match
Dadar Chowpatty Beach,Mumbai,Tourist_Places_merged,Chowpatty Beach,Mumbai,,fuzzy_name_match
Kayaking in Alleppey,Alleppey,Tourist_Places_merged,Coir Weaving in Alleppey,Alleppey,,fuzzy_name_match
Courtallam Main Falls,Courtallam,WanderSphere_seed,Courtallam Five Falls,Courtallam,,fuzzy_name_match
Old Courtallam Falls,Courtallam,WanderSphere_seed,Courtallam Five Falls,Courtallam,,fuzzy_name_match
National Museum,Delhi,Tourist_Places_merged,Crafts Museum,Delhi,,fuzzy_name_match
Rail Museum,Delhi,Tourist_Places_merged,Crafts Museum,Delhi,,fuzzy_name_match
Sai Mandir Dehradun,Dehradun,Tourist_Places_merged,Daat Kali Mandir Dehradun,Dehradun,,fuzzy_name_match
Salim Ali National Park,Srinagar,Tourist_Places_merged,Dachigam National Park,Srinagar,,fuzzy_name_match
Rajdari Waterfalls,Varanasi,Tourist_Places_merged,Devdari Waterfall,Varanasi,,fuzzy_name_match
New Digha Beach,Digha,Tourist_Places_merged,Digha Beach,Digha,,fuzzy_name_match
Old Digha Beach,Digha,Tourist_Places_merged,Digha Beach,Digha,,fuzzy_name_match
Kailasanathar Temple,Kanchipuram,WanderSphere_seed,Ekambaranathar Temple,Kanchipuram,,fuzzy_name_match
Folklore Museum,Kochi,Tourist_Places_merged,Kerala Folklore Museum,Kochi,,fuzzy_name_match
Fort Kochi Beach,Kochi,Tourist_Places_merged,Fort Kochi,Kochi,,fuzzy_name_match
Fort St. George,Chennai,Tourist_Places_merged|india_tourism_food_dataset,Fort St. George Museum,Chennai,,fuzzy_name_match
Lalgarh Palace,Bikaner,Tourist_Places_merged,Gajner Palace,Bikaner,,fuzzy_name_match
Gallu Devi Waterfall,Mcleodganj,Tourist_Places_merged,Gallu Devi Temple,Mcleodganj,,fuzzy_name_match
Ganpatipule Temple,Ratnagiri,india_tourism_food_dataset,Ganapatipule Temple,Ratnagiri,,fuzzy_name_match
Gandhi museum,Madurai,Tourist_Places_merged,Gandhi Memorial Museum,Madurai,,fuzzy_name_match
Sadul Singh Museum,Bikaner,Tourist_Places_merged,Ganga Singh Museum,Bikaner,,fuzzy_name_match
Sagar Nagar Beach,Visakhapatnam,Tourist_Places_merged,Gangavaram beach,Visakhapatnam,,fuzzy_name_match
Garden of Silence,Chandigarh,Tourist_Places_merged,Garden of Fragrance,Chandigarh,,fuzzy_name_match
Phool Chatti Waterfalls,Rishikesh,Tourist_Places_merged,Garudchatti Waterfall,Rishikesh,,fuzzy_name_match
Timber Trail,Kasauli,Tourist_Places_merged,Gilbert Trail,Kasauli,,fuzzy_name_match
Golkonda Fort,Hyderabad,Tourist_Places_merged,Golconda Fort,Hyderabad,,fuzzy_name_match
Sepahijala Wildlife Sanctuary,Agartala,Tourist_Places_merged,Gondacherra Wildlife Sanctuary,Agartala,,fuzzy_name_match
Green Valley View (Suicide Point),Kodaikanal,Tourist_Places_merged,Green Valley Viewpoint,Kodaikanal,,fuzzy_name_match
Mandagadde Bird Sanctuary,Shimoga (Shivamogga),Tourist_Places_merged,Gudavi Bird Sanctuary,Shimoga (Shivamogga),,fuzzy_name_match
Stewart Island Beach,Andaman,Tourist_Places_merged,Guitar Island Beach,Andaman,,fuzzy_name_match
Gujarat Science City,Ahmedabad,Tourist_Places_merged,Science City,Ahmedabad,,fuzzy_name_match
Gurudwara Shri Tarn Taran Sahib,Amritsar,Tourist_Places_merged,Gurudwara Chheharta Sahib,Amritsar,,fuzzy_name_match
Gwalior Zoo,Gwalior,Tourist_Places_merged,Gwalior Fort,Gwalior,,fuzzy_name_match
Purandar Trek,Pune,Tourist_Places_merged,Hadsar Trek,Pune,,fuzzy_name_match
Sunset at Haji Ali Dargah,Mumbai,Tourist_Places_merged,Haji Ali Dargah,Mumbai,,fuzzy_name_match
Theerthamalai Temple,Hogenakkal,Tourist_Places_merged,Hanuman Theertham Temple,Hogenakkal,,fuzzy_name_match
Rajmahal Palace,Jaipur,Tourist_Places_merged,Hari Mahal Palace,Jaipur,,fuzzy_name_match
Rambagh Palace,Jaipur,Tourist_Places_merged,Hari Mahal Palace,Jaipur,,fuzzy_name_match
Himayat Sagar Lake,Hyderabad,Tourist_Places_merged,Hussain Sagar Lake,Hyderabad,,fuzzy_name_match
Imagica Adlabs,Lonavala,Tourist_Places_merged,Imagicaa,Lonavala,,fuzzy_name_match
ISKCON Temple,Bangalore,Tourist_Places_merged,ISKCON Temple Bangalore,Bangalore,,fuzzy_name_match
Jatayu Tirtham,Rameshwaram,Tourist_Places_merged,Jada Tirtham,Rameshwaram,,fuzzy_name_match
Nahargarh Fort,Jaipur,Tourist_Places_merged,Jaigarh Fort,Jaipur,,fuzzy_name_match
Jaisalmer War Museum,Jaisalmer,Tourist_Places_merged,Jaisalmer Government Museum,Jaisalmer,,fuzzy_name_match
Upasani Maharaj Ashram,Shirdi,Tourist_Places_merged,Jangli Maharaj Ashram,Shirdi,,fuzzy_name_match
Kapila Teertham,Tirupati,Tourist_Places_merged,Japali Teertham,Tirupati,,fuzzy_name_match
Kapila Theertham,Tirupati,Tourist_Places_merged,Japali Teertham,Tirupati,,fuzzy_name_match
Papavinasam Theertham,Tirupati,Tourist_Places_merged,Japali Teertham,Tirupati,,fuzzy_name_match
Jaswant Thada,Jodhpur,india_tourism_food_dataset,Jaswant Tada,Jodhpur,,fuzzy_name_match
Marvel Water Park,Udaipur,Tourist_Places_merged,Jeel Water Park,Udaipur,,fuzzy_name_match
Jogigundi Falls,Shimoga (Shivamogga),Tourist_Places_merged,Jog Falls,Shimoga (Shivamogga),,fuzzy_name_match
Sasivekalu Ganesh,Hampi,Tourist_Places_merged,Kadalekalu Ganesh,Hampi,,fuzzy_name_match
Kapileshwara Temple,Nashik,Tourist_Places_merged,Kalaram Temple,Nashik,,fuzzy_name_match
Someshwar Temple,Nashik,Tourist_Places_merged,Kalaram Temple,Nashik,,fuzzy_name_match
Trimbakeshwar,Nashik,Tourist_Places_merged,Kalaram Temple,Nashik,,fuzzy_name_match
Trimbakeshwar Temple,Nashik,india_tourism_food_dataset,Kalaram Temple,Nashik,,fuzzy_name_match
Kalighat Temple,Kolkata,Tourist_Places_merged,Kalighat Kali Temple,Kolkata,,fuzzy_name_match
"Kangra Fort, Kangra",Mcleodganj,Tourist_Places_merged,"Kangra Art Museum, Kangra",Mcleodganj,,fuzzy_name_match
Kanyakumari Beach,Kanyakumari,Tourist_Places_merged,Kanyakumari Beach View,Kanyakumari,,fuzzy_name_match
Marundeeswarar Temple,Chennai,Tourist_Places_merged,Kapaleeswarar Temple,Chennai,,fuzzy_name_match
Kapaleeshwarar Temple,Chennai,india_tourism_food_dataset,Kapaleeswarar Temple,Chennai,,fuzzy_name_match
Kappil Beach,Varkala,Tourist_Places_merged,Varkala Beach,Varkala,,fuzzy_name_match
Kareri Lake Trek,Mcleodganj,Tourist_Places_merged,"Kareri Lake, Kangra",Mcleodganj,,fuzzy_name_match
Kasar Devi,Almora,Tourist_Places_merged,Kasar Devi Temple,Almora,,fuzzy_name_match
"New Vishwanath Temple, BHU",Varanasi,Tourist_Places_merged,Kashi Vishwanath Temple,Varanasi,,fuzzy_name_match
Pykara Falls,Ooty,Tourist_Places_merged,Katari Falls,Ooty,,fuzzy_name_match
Rafting in Rishikesh,Rishikesh,Tourist_Places_merged,Kayaking in Rishikesh,Rishikesh,,fuzzy_name_match
Pokhran Fort,Jaisalmer,Tourist_Places_merged,Khaba Fort,Jaisalmer,,fuzzy_name_match
Khajjiar,Dalhousie,Tourist_Places_merged,Khajjiar Lake,Dalhousie,,fuzzy_name_match
Kheerganga Waterfall,Kasol,Tourist_Places_merged,Kheerganga Trek,Kasol,,fuzzy_name_match
Kodai Lake,Kodaikanal,Tourist_Places_merged,Kodaikanal Lake,Kodaikanal,,fuzzy_name_match
Sri Bedi Ananjaneyaswami Temple,Tirupati,Tourist_Places_merged,Kodandarama Swamy Temple,Tirupati,,fuzzy_name_match
Sri Govindarajaswami Temple,Tirupati,Tourist_Places_merged,Kodandarama Swamy Temple,Tirupati,,fuzzy_name_match
Sri Kalyana Venkateswaraswami Temple,Tirupati,Tourist_Places_merged,Kodandarama Swamy Temple,Tirupati,,fuzzy_name_match
Sri Prasanna Venkateswaraswami Temple,Tirupati,Tourist_Places_merged,Kodandarama Swamy Temple,Tirupati,,fuzzy_name_match
Sri Varahaswami Temple,Tirupati,Tourist_Places_merged,Kodandarama Swamy Temple,Tirupati,,fuzzy_name_match
Sri Veda Nayaranaswami Temple,Tirupati,Tourist_Places_merged,Kodandarama Swamy Temple,Tirupati,,fuzzy_name_match
Sri Venkateswara Temple,Tirupati,Tourist_Places_merged|india_tourism_food_dataset,Kodandarama Swamy Temple,Tirupati,,fuzzy_name_match
Sri Venugopalaswami Temple,Tirupati,Tourist_Places_merged,Kodandarama Swamy Temple,Tirupati,,fuzzy_name_match
Vedadri Narasimha Swamy Temple,Tirupati,Tourist_Places_merged,Kodandarama Swamy Temple,Tirupati,,fuzzy_name_match
Lohagad Fort,Lonavala,Tourist_Places_merged,Koregad Fort,Lonavala,,fuzzy_name_match
Rajgad Trek,Pune,Tourist_Places_merged,Korigad Trek,Pune,,fuzzy_name_match
Poovar Beach,Poovar,Tourist_Places_merged,Kovalam Beach,Poovar,,fuzzy_name_match
Unchalli Falls,Shimoga (Shivamogga),Tourist_Places_merged,Kunchikal Falls,Shimoga (Shivamogga),,fuzzy_name_match
Kunjaban Palace,Agartala,Tourist_Places_merged,Ujjayanta Palace,Agartala,,fuzzy_name_match
Kurinji Temple,Kodaikanal,Tourist_Places_merged,Kurinji Andavar Temple,Kodaikanal,,fuzzy_name_match
Lakshman Jhula,Rishikesh,Expanded_Indian_Travel_Dataset,Laxman Jhula,Rishikesh,,fuzzy_name_match
"Simi's Park, Coonoor",Ooty,Tourist_Places_merged,"Lamb's Rock, Coonoor",Ooty,,fuzzy_name_match
Laxmanpur Beach 2,Andaman,Tourist_Places_merged,Laxmanpur Beach 1,Andaman,,fuzzy_name_match
Lingambudhi Park,Mysore,Tourist_Places_merged,Lingambudhi Lake,Mysore,,fuzzy_name_match
Louisa point,Matheran,Tourist_Places_merged,Lord Point,Matheran,,fuzzy_name_match
Old Palace,Hampi,Tourist_Places_merged,Lotus Palace,Hampi,,fuzzy_name_match
Radha Damodar Temple,Vrindavan,Tourist_Places_merged,Madan Mohan Temple,Vrindavan,,fuzzy_name_match
Radha Raman Temple,Vrindavan,Tourist_Places_merged,Madan Mohan Temple,Vrindavan,,fuzzy_name_match
Makarandgad Trek,Mumbai,Tourist_Places_merged,Mahipatagad Trek,Mumbai,,fuzzy_name_match
Manek Chawk,Ahmedabad,Tourist_Places_merged,Manek Chowk,Ahmedabad,,fuzzy_name_match
Surinsar Lake,Jammu,Tourist_Places_merged,Mansar Lake,Jammu,,fuzzy_name_match
Marble Palace Mansion,Kolkata,Tourist_Places_merged,Marble Palace,Kolkata,,fuzzy_name_match
Vandiyur Mariamman Teppakulam,Madurai,Tourist_Places_merged,Mariamman Teppakulam,Madurai,,fuzzy_name_match
Walk at Marine drive,Mumbai,Tourist_Places_merged,Marine Drive,Mumbai,,fuzzy_name_match
Marudhamalai Hill Temple,Coimbatore,Tourist_Places_merged,Marudamalai Temple,Coimbatore,,fuzzy_name_match
Marudhamalai Temple,Coimbatore,india_tourism_food_dataset,Marudamalai Temple,Coimbatore,,fuzzy_name_match
Samadhi Mandir,Shirdi,Tourist_Places_merged,Maruti Mandir,Shirdi,,fuzzy_name_match
Vimala Temple,Puri,Tourist_Places_merged,Mausima Temple,Puri,,fuzzy_name_match
Mawsmai Falls,Cherrapunji,Tourist_Places_merged,Mawsmai Cave,Cherrapunji,,fuzzy_name_match
Shyama Temple,Chittorgarh,Tourist_Places_merged,Meera Temple,Chittorgarh,,fuzzy_name_match
Salher Trek,Nashik,Tourist_Places_merged,Mulher Trek,Nashik,,fuzzy_name_match
Tea Gardens,Munnar,Expanded_Indian_Travel_Dataset,Munnar Tea Gardens,Munnar,,fuzzy_name_match
Soham Heritage Centre,Mussoorie,Tourist_Places_merged,Mussoorie Heritage Centre,Mussoorie,,fuzzy_name_match
Muthanga Wildlife Sanctuary,Wayanad,Tourist_Places_merged,Wayanad Wildlife Sanctuary,Wayanad,,fuzzy_name_match
Nakki Lake,Mount Abu,Tourist_Places_merged,Nakki Lake Market,Mount Abu,,fuzzy_name_match
Nandgaon,Mathura,Tourist_Places_merged,Nand Gaon,Mathura,,fuzzy_name_match
Rudraprayag,Auli,Tourist_Places_merged,Nandaprayag,Auli,,fuzzy_name_match
Patwon ki haveli,Jaisalmer,Tourist_Places_merged,Nathmal Ki Haveli,Jaisalmer,,fuzzy_name_match
Nathu La Pass,Gangtok,Tourist_Places_merged,Nathula Pass,Gangtok,,fuzzy_name_match
Scuba Diving In Andaman,Andaman,Tourist_Places_merged,Night Kayaking in Andaman,Andaman,,fuzzy_name_match
Sea Walking in Andaman,Andaman,Tourist_Places_merged,Night Kayaking in Andaman,Andaman,,fuzzy_name_match
Seakart in Andaman,Andaman,Tourist_Places_merged,Night Kayaking in Andaman,Andaman,,fuzzy_name_match
Snorkeling in Andamans,Andaman,Tourist_Places_merged,Night Kayaking in Andaman,Andaman,,fuzzy_name_match
Trekking in Andaman,Andaman,Tourist_Places_merged,Night Kayaking in Andaman,Andaman,,fuzzy_name_match
Nohkalikai Falls,Cherrapunji,Expanded_Indian_Travel_Dataset,Nohkalikai Waterfalls,Cherrapunji,,fuzzy_name_match
Rameshwara temple,Coorg,Tourist_Places_merged,Omkareshwara Temple,Coorg,,fuzzy_name_match
Phalodi,Jodhpur,Tourist_Places_merged,Pali,Jodhpur,,fuzzy_name_match
Pandav Leni Caves,Nashik,india_tourism_food_dataset,Pandavleni Caves,Nashik,,fuzzy_name_match
Promenade Beach,Puducherry,Top_Indian_Places_to_Visit|india_tourism_food_dataset,Paradise Beach,Puducherry,,fuzzy_name_match
Quad Biking in Jaisalmer,Jaisalmer,Tourist_Places_merged,Parasailing in Jaisalmer,Jaisalmer,,fuzzy_name_match
Scuba Diving in Lakshadweep,Lakshadweep,Tourist_Places_merged,Parasailing in Lakshadweep,Lakshadweep,,fuzzy_name_match
Pondicherry Lighthouse,Pondicherry,Tourist_Places_merged,Pondicherry beach,Pondicherry,,fuzzy_name_match
Pondicherry Museum,Pondicherry,Tourist_Places_merged,Pondicherry beach,Pondicherry,,fuzzy_name_match
Pray at Siddhivinayak Temple,Mumbai,Tourist_Places_merged,Siddhivinayak Temple,Mumbai,,fuzzy_name_match
Tulga,Kasol,Tourist_Places_merged,Pulga,Kasol,,fuzzy_name_match
Pushkar Bazar,Pushkar,Tourist_Places_merged,Pushkar Lake,Pushkar,,fuzzy_name_match
Pushkar Mela,Pushkar,Tourist_Places_merged,Pushkar Lake,Pushkar,,fuzzy_name_match
Sarafa Bazar,Pushkar,Tourist_Places_merged,Pushkar Lake,Pushkar,,fuzzy_name_match
Qutub Shahi Tombs,Hyderabad,Tourist_Places_merged,Qutb Shahi Tombs,Hyderabad,,fuzzy_name_match
Rabindra Sarovar,Kolkata,Tourist_Places_merged,Rabindra Sarobar Stadium,Kolkata,,fuzzy_name_match
Vijaynagar Beach,Andaman,Tourist_Places_merged,Radhanagar Beach,Andaman,,fuzzy_name_match
Rajasthan International Folk Festival,Jodhpur,Tourist_Places_merged,Rajasthan International Folk Festival (Jodhpur RIFF),Jodhpur,,fuzzy_name_match
Rajmachi,Lonavala,Tourist_Places_merged,Rajmachi Fort,Lonavala,,fuzzy_name_match
Ramakrishna Beach,Visakhapatnam,Tourist_Places_merged,Rishikonda Beach,Visakhapatnam,,fuzzy_name_match
Ramanathaswamy Temple,Rameswaram,Top_Indian_Places_to_Visit,Sri Arulmigu Ramanathaswamy Temple,Rameswaram,,fuzzy_name_match
Tour the Ramoji Film city,Hyderabad,Tourist_Places_merged,Ramoji Film City,Hyderabad,,fuzzy_name_match
Ranka Monastery,Gangtok,Tourist_Places_merged,Rumtek Monastery,Gangtok,,fuzzy_name_match
Rose Garden,Chandigarh,Tourist_Places_merged|india_tourism_food_dataset,Rock Garden,Chandigarh,,fuzzy_name_match
Sahastradhara,Dehradun,Tourist_Places_merged|india_tourism_food_dataset,Sahastradhara Ropeway,Dehradun,,fuzzy_name_match
Wandoor Beach,Andaman,Tourist_Places_merged,Sandbar Beach,Andaman,,fuzzy_name_match
Wildlife Safari at Sanjay Gandhi National park,Mumbai,Tourist_Places_merged,Sanjay Gandhi National Park,Mumbai,,fuzzy_name_match
Santhome Church,Chennai,Tourist_Places_merged,Santhome Beach,Chennai,,fuzzy_name_match
Saptashrungi,Nashik,Tourist_Places_merged|india_tourism_food_dataset,Saptashrungi Ropeway,Nashik,,fuzzy_name_match
Sethan Valley,Manali,Tourist_Places_merged,Solang Valley,Manali,,fuzzy_name_match
Sri Varadharaja Perumal Temple,Kanchipuram,WanderSphere_seed,Sri Ulagalanda Perumal Temple,Kanchipuram,,fuzzy_name_match
Sri Venkateswara National Park,Tirupati,Tourist_Places_merged,Sri Venkateswara Dhyana Vignan Mandiram,Tirupati,,fuzzy_name_match
Sula Vineyard,Nashik,Tourist_Places_merged,Sula Vineyards,Nashik,,fuzzy_name_match
Taj Mahotsav,Agra,Tourist_Places_merged,Taj Mahal,Agra,,fuzzy_name_match
Take a Walk over the Lakshman Jhula,Rishikesh,Tourist_Places_merged,Take a walk over Ram Jhula,Rishikesh,,fuzzy_name_match
Thirumalai Nayakkar Palace,Madurai,india_tourism_food_dataset,Thirumalai Nayakar Mahal,Madurai,,fuzzy_name_match
Thirunelly Temple,Wayanad,Tourist_Places_merged,Thirunelli Temple,Wayanad,,fuzzy_name_match
Tunga Fort,Lonavala,Tourist_Places_merged,Tikona fort,Lonavala,,fuzzy_name_match
Triveni Sangam,Kanyakumari,Tourist_Places_merged,Triveni Sangamam,Kanyakumari,,fuzzy_name_match
Tso Moriri Lake,Leh Ladakh,Tourist_Places_merged,Tso Kar lake,Leh Ladakh,,fuzzy_name_match
Vipassana Meditation Centre,Mcleodganj,Tourist_Places_merged,Tushita Meditation Centre,Mcleodganj,,fuzzy_name_match
Vaishno Devi Ropeway,Vaishno Devi,Tourist_Places_merged,Vaishno Devi by Helicopter,Vaishno Devi,,fuzzy_name_match
Vaishno Devi Temple,Vaishno Devi,Tourist_Places_merged,Vaishno Devi by Helicopter,Vaishno Devi,,fuzzy_name_match
Vaishno Devi Yatra,Vaishno Devi,Tourist_Places_merged,Vaishno Devi by Helicopter,Vaishno Devi,,fuzzy_name_match
Vattakanal Falls,Kodaikanal,Tourist_Places_merged,Vattakanal Falls (Liril Falls),Kodaikanal,,fuzzy_name_match
Vattakanal,Kodaikanal,Tourist_Places_merged,Vattakanal Falls (Liril Falls),Kodaikanal,,fuzzy_name_match
Vellore Fort,Vellore,WanderSphere_seed,Vellore Fort Garden,Vellore,,fuzzy_name_match
Vellore Fort Park,Vellore,WanderSphere_seed,Vellore Fort Garden,Vellore,,fuzzy_name_match
