place_id,place_name,alternate_names,state,state_code,union_territory,district,city,city_id,place_type,primary_category,secondary_categories,subcategory,tourism_theme,recommended_for,family_friendly,couple_friendly,solo_friendly,kids_friendly,elderly_friendly,friends_friendly,adventure_friendly,spiritual_friendly,photography_friendly,nature_friendly,history_friendly,family_score,couple_score,solo_score,adventure_score,spiritual_score,nature_score,history_score,photography_score,latitude,longitude,address,google_maps_url,distance_from_city_center_km,nearest_landmark,opening_time,closing_time,weekly_off,entry_fee,currency,estimated_visit_duration_hours,best_time_to_visit,description,short_description,official_website,image_url,source,source_url,source_count,last_verified,verification_status,data_confidence,is_major_destination,is_popular,is_hidden_gem,is_offbeat,priority_score
PL-03781,Kohima War Cemetery,Commonwealth War Cemetery Kohima,Nagaland,NL,FALSE,Kohima,Kohima,CT-0500,Attraction,Heritage & Historical,,War Memorial,History & WWII Heritage,"History Lovers,Photography Lovers,General Travelers",TRUE,TRUE,TRUE,TRUE,TRUE,TRUE,FALSE,FALSE,TRUE,TRUE,TRUE,55,60,55,40,30,50,90,75,25.6701,94.1075,,,,,,,,Contact local authority,INR,1.5,October to March,"A Commonwealth War Graves Commission cemetery commemorating Allied soldiers who died in the pivotal 1944 Battle of Kohima during World War II, set on the terraced slopes of Garrison Hill.",WWII memorial cemetery honouring soldiers of the Battle of Kohima.,,,Web research (govt tourism / Incredible India / Wikipedia / reputable travel publishers),https://www.clubmahindra.com/blog/places-to-visit/best-places-to-visit-in-nagaland,1,2026-08-22,VERIFIED,HIGH,TRUE,TRUE,FALSE,FALSE,90
PL-03782,Nagaland State Museum,Kohima Museum,Nagaland,NL,FALSE,Kohima,Kohima,CT-0500,Attraction,Museums & Art,,State Museum,Tribal Culture & Heritage,"Family,History Lovers,General Travelers",TRUE,TRUE,TRUE,TRUE,TRUE,TRUE,FALSE,FALSE,TRUE,TRUE,TRUE,60,60,55,40,20,50,75,55,,,,,,,,,,Contact local authority,INR,1.5,October to March,"A museum in Kohima showcasing the traditions, artefacts, and material culture of Nagaland's sixteen recognised tribes.",State museum documenting Nagaland's tribal heritage.,,,Web research (govt tourism / Incredible India / Wikipedia / reputable travel publishers),https://www.clubmahindra.com/blog/places-to-visit/best-places-to-visit-in-nagaland,1,2026-08-22,VERIFIED_TEXT_ONLY_NO_COORDS,MEDIUM,FALSE,FALSE,FALSE,FALSE,55
PL-03783,Dzukou Valley,Dzükou Valley,Nagaland,NL,FALSE,Kohima,Kohima,CT-0500,Attraction,Hill Station & Mountains,,Valley Trek,Trekking & Nature,"Adventure Seekers,Nature Lovers,Photography Lovers",FALSE,TRUE,TRUE,FALSE,FALSE,TRUE,TRUE,FALSE,TRUE,TRUE,FALSE,25,60,55,85,10,90,40,90,,,,,,,,,,Contact local authority,INR,1.5,October to March,"A high-altitude valley on the Nagaland-Manipur border famed for its rolling grass-covered hills and seasonal Dzukou lily blooms, popular for trekking and camping.",Scenic trekking valley famed for its rolling hills and rare lilies.,,,Web research (govt tourism / Incredible India / Wikipedia / reputable travel publishers),https://www.sotc.in/tourism/nagaland-tourism/places-to-visit-in-nagaland,1,2026-08-22,VERIFIED_TEXT_ONLY_NO_COORDS,MEDIUM,TRUE,TRUE,FALSE,FALSE,90
PL-03784,Japfu Peak,Japfü Peak,Nagaland,NL,FALSE,Kohima,Kohima,CT-0500,Attraction,Adventure,,Trekking Peak,Trekking & Adventure,"Adventure Seekers,Nature Lovers,Photography Lovers",FALSE,TRUE,TRUE,FALSE,FALSE,TRUE,TRUE,FALSE,TRUE,TRUE,FALSE,20,60,55,85,20,80,40,80,,,,,,,,,,Contact local authority,INR,1.5,October to March,"The second-highest peak in Nagaland at roughly 3,048 metres, offering a popular multi-day trekking route with panoramic Himalayan foothill views.","Nagaland's second-highest peak, a popular trekking destination.",,,Web research (govt tourism / Incredible India / Wikipedia / reputable travel publishers),https://www.sotc.in/tourism/nagaland-tourism/places-to-visit-in-nagaland,1,2026-08-22,VERIFIED_TEXT_ONLY_NO_COORDS,MEDIUM,FALSE,FALSE,FALSE,FALSE,55
PL-03785,Touphema Tourist Village,Tuophema Village,Nagaland,NL,FALSE,Kohima,Kohima,CT-0500,Attraction,Cultural,,Tourist Village,Rural & Tribal Tourism,"Family,Couples,Photography Lovers",TRUE,TRUE,TRUE,TRUE,TRUE,TRUE,FALSE,FALSE,TRUE,FALSE,FALSE,70,65,55,40,20,45,45,60,,,,,,,,,,Contact local authority,INR,1.5,October to March,"A community tourism village near Kohima built in traditional Naga architectural style, developed with the state tourism department to showcase Naga rural life and hospitality.",Community-run traditional Naga village offering an immersive cultural stay.,,,Web research (govt tourism / Incredible India / Wikipedia / reputable travel publishers),https://www.sotc.in/tourism/nagaland-tourism/places-to-visit-in-nagaland,1,2026-08-22,VERIFIED_TEXT_ONLY_NO_COORDS,MEDIUM,FALSE,FALSE,FALSE,FALSE,55
PL-03786,Kachari Ruins,Dimapur Ruins,Nagaland,NL,FALSE,Dimapur,Dimapur,CT-0501,Attraction,Archaeological,,Ancient Ruins,Archaeology & Heritage,"History Lovers,Photography Lovers,General Travelers",FALSE,TRUE,TRUE,FALSE,TRUE,TRUE,FALSE,FALSE,TRUE,TRUE,TRUE,40,60,55,40,20,50,85,65,,,,,,,,,,Contact local authority,INR,1.5,October to March,"10th-century ruins believed to be remnants of the ancient Kachari kingdom's capital, featuring distinctive mushroom-shaped stone pillars near Dimapur.",10th-century Kachari-era stone ruins near Dimapur.,,,Web research (govt tourism / Incredible India / Wikipedia / reputable travel publishers),https://traveltriangle.com/blog/places-to-visit-in-nagaland/,1,2026-08-22,VERIFIED_TEXT_ONLY_NO_COORDS,MEDIUM,FALSE,TRUE,FALSE,FALSE,70
PL-03787,Intanki National Park,Intanki Wildlife Sanctuary,Nagaland,NL,FALSE,Dimapur,Dimapur,CT-0501,Attraction,Nature & Wildlife,,Wildlife Sanctuary,Wildlife & Nature,"Nature Lovers,Adventure Seekers,Family",TRUE,TRUE,TRUE,TRUE,FALSE,TRUE,TRUE,FALSE,TRUE,TRUE,FALSE,50,60,55,55,20,85,40,60,,,,,,,,,,Contact local authority,INR,1.5,October to March,"A protected forest and wildlife sanctuary near Dimapur home to hoolock gibbons, elephants, and diverse birdlife, popular with nature enthusiasts.",Protected wildlife sanctuary near Dimapur known for hoolock gibbons.,,,Web research (govt tourism / Incredible India / Wikipedia / reputable travel publishers),https://oddessemania.in/tourist-places-in-nagaland/,1,2026-08-22,VERIFIED_TEXT_ONLY_NO_COORDS,MEDIUM,FALSE,FALSE,FALSE,FALSE,55
PL-03788,Diezephe Craft Village,Diezephe Bamboo Craft Village,Nagaland,NL,FALSE,Dimapur,Dimapur,CT-0501,Attraction,Cultural,,Craft Village,Handicrafts & Culture,"Family,Photography Lovers,General Travelers",TRUE,TRUE,TRUE,TRUE,TRUE,TRUE,FALSE,FALSE,TRUE,TRUE,FALSE,55,60,55,40,20,50,40,55,,,,,,,,,,Contact local authority,INR,1.5,October to March,A model craft village near Dimapur where local artisans demonstrate traditional Naga bamboo and cane craftsmanship.,Artisan village showcasing traditional Naga bamboo and cane crafts.,,,Web research (govt tourism / Incredible India / Wikipedia / reputable travel publishers),https://traveltriangle.com/blog/places-to-visit-in-nagaland/,1,2026-08-22,VERIFIED_TEXT_ONLY_NO_COORDS,MEDIUM,FALSE,FALSE,FALSE,FALSE,55
PL-03789,Longkhum Village,Longkhum,Nagaland,NL,FALSE,Mokokchung,Mokokchung,CT-0502,Attraction,Cultural,,Heritage Village,Tribal Culture & Viewpoints,"Photography Lovers,Nature Lovers,History Lovers",FALSE,TRUE,TRUE,FALSE,TRUE,TRUE,FALSE,FALSE,TRUE,TRUE,TRUE,45,60,55,40,20,65,55,80,,,,,,,,,,Contact local authority,INR,1.5,October to March,"A scenic Ao Naga village near Mokokchung known for panoramic valley viewpoints and its traditional wood-carved gate, historically significant in intertribal Naga history.",Picturesque Ao Naga village with sweeping valley viewpoints.,,,Web research (govt tourism / Incredible India / Wikipedia / reputable travel publishers),https://oddessemania.in/tourist-places-in-nagaland/,1,2026-08-22,VERIFIED_TEXT_ONLY_NO_COORDS,MEDIUM,FALSE,FALSE,FALSE,FALSE,55
PL-03790,Doyang Reservoir,Doyang Dam / Doyang River,Nagaland,NL,FALSE,Wokha,Wokha,CT-0504,Attraction,Water & Lakes,,Reservoir,Birdwatching & Nature,"Nature Lovers,Photography Lovers,Adventure Seekers",FALSE,TRUE,TRUE,FALSE,TRUE,TRUE,FALSE,FALSE,TRUE,TRUE,FALSE,35,60,55,45,20,90,40,85,,,,,,,,,,Contact local authority,INR,1.5,October to March,"A large reservoir on the Doyang River in Wokha district, internationally noted as the roosting site for one of the world's largest congregations of migratory Amur Falcons each autumn.",Reservoir famed as a mass roosting site for migratory Amur Falcons.,,,Web research (govt tourism / Incredible India / Wikipedia / reputable travel publishers),https://oddessemania.in/tourist-places-in-nagaland/,1,2026-08-22,VERIFIED_TEXT_ONLY_NO_COORDS,MEDIUM,FALSE,FALSE,TRUE,FALSE,40
PL-03791,Kavaratti Marine Museum,Marine Museum Kavaratti,Lakshadweep,LD,TRUE,Lakshadweep,Kavaratti,CT-0505,Attraction,Museums & Art,,Marine Museum,Marine Life & Conservation,"Family,Nature Lovers,General Travelers",TRUE,TRUE,TRUE,TRUE,TRUE,TRUE,FALSE,FALSE,TRUE,TRUE,FALSE,55,60,55,40,20,65,30,60,,,,,,,,,,Contact local authority,INR,1.5,October to March,"A museum in Kavaratti focused on marine conservation, displaying an aquarium of local reef fish and exhibits on Lakshadweep's coral ecosystem.",Museum showcasing Lakshadweep's marine life and coral ecosystem.,,,Web research (govt tourism / Incredible India / Wikipedia / reputable travel publishers),https://www.thomascook.in/blog/india-holidays/10-places-to-visit-in-lakshadweep/,1,2026-08-22,VERIFIED_TEXT_ONLY_NO_COORDS,MEDIUM,FALSE,FALSE,FALSE,FALSE,55
PL-03792,Ujra Mosque,"Ujra Masjid, Kavaratti",Lakshadweep,LD,TRUE,Lakshadweep,Kavaratti,CT-0505,Attraction,Mosques,,Historic Mosque,Islamic Heritage & Architecture,"Spiritual Travelers,History Lovers,Photography Lovers",FALSE,TRUE,TRUE,FALSE,TRUE,TRUE,FALSE,TRUE,TRUE,TRUE,TRUE,35,60,55,40,75,50,60,55,,,,,,,,,,Contact local authority,INR,1.5,October to March,"A historic mosque on Kavaratti island noted for its ornate wood carvings and traditional Lakshadweep coral-stone architecture, one of over 50 mosques on the small island.",Historic mosque on Kavaratti known for ornate traditional carvings.,,,Web research (govt tourism / Incredible India / Wikipedia / reputable travel publishers),https://www.thomascook.in/blog/india-holidays/10-places-to-visit-in-lakshadweep/,1,2026-08-22,VERIFIED_TEXT_ONLY_NO_COORDS,MEDIUM,FALSE,FALSE,TRUE,FALSE,40
PL-03793,Agatti Lighthouse,Agatti Island Lighthouse,Lakshadweep,LD,TRUE,Lakshadweep,Agatti Island,CT-0506,Attraction,Viewpoints,,Colonial Lighthouse,Coastal Heritage & Views,"Photography Lovers,History Lovers,General Travelers",FALSE,TRUE,TRUE,FALSE,TRUE,TRUE,FALSE,FALSE,TRUE,TRUE,TRUE,40,60,55,40,20,50,55,70,,,,,,,,,,Contact local authority,INR,1.5,October to March,"A colonial-era lighthouse on Agatti Island, one of the oldest in Lakshadweep, offering views over the island's turquoise lagoon.",Colonial-era lighthouse offering views over Agatti's lagoon.,,,Web research (govt tourism / Incredible India / Wikipedia / reputable travel publishers),https://www.goindigo.in/get-inspired/lakshadweep-travel-guide.html,1,2026-08-22,VERIFIED_TEXT_ONLY_NO_COORDS,MEDIUM,FALSE,FALSE,FALSE,FALSE,55
PL-03794,Agatti Lagoon,Agatti Island Lagoon,Lakshadweep,LD,TRUE,Lakshadweep,Agatti Island,CT-0506,Attraction,Beach & Coastal,,Coral Lagoon,Water Sports & Snorkelling,"Adventure Seekers,Nature Lovers,Photography Lovers",FALSE,TRUE,TRUE,FALSE,FALSE,TRUE,TRUE,FALSE,TRUE,TRUE,FALSE,45,60,55,80,20,85,40,85,,,,,,,,,,Contact local authority,INR,1.5,October to March,"A turquoise coral lagoon surrounding Agatti Island, popular for snorkelling, kayaking, and scuba diving amid vibrant reef life.",Turquoise coral lagoon popular for snorkelling and diving.,,,Web research (govt tourism / Incredible India / Wikipedia / reputable travel publishers),https://www.goindigo.in/get-inspired/lakshadweep-travel-guide.html,1,2026-08-22,VERIFIED_TEXT_ONLY_NO_COORDS,MEDIUM,FALSE,TRUE,FALSE,FALSE,70
PL-03795,Bangaram Lagoon Beach,Bangaram Atoll Beach,Lakshadweep,LD,TRUE,Lakshadweep,Bangaram Island,CT-0507,Attraction,Beach & Coastal,,Atoll Beach,Water Sports & Tranquil Beaches,"Couples,Nature Lovers,Adventure Seekers",FALSE,TRUE,TRUE,FALSE,FALSE,TRUE,TRUE,FALSE,TRUE,TRUE,FALSE,40,80,55,65,20,85,40,85,,,,,,,,,,Contact local authority,INR,1.5,October to March,"The beach of Bangaram, the largest atoll island in Lakshadweep, with a shallow turquoise lagoon and near-uninhabited surroundings ideal for a secluded getaway.","Secluded atoll beach with a large, shallow turquoise lagoon.",,,Web research (govt tourism / Incredible India / Wikipedia / reputable travel publishers),https://www.dizcoverpraveg.com/15-places-to-visit-in-lakshadweep-a-detailed-guide,1,2026-08-22,VERIFIED_TEXT_ONLY_NO_COORDS,MEDIUM,FALSE,TRUE,FALSE,FALSE,70
PL-03796,Kadmat Beach,Kadmat Island Beach,Lakshadweep,LD,TRUE,Lakshadweep,Kadmat Island,CT-0508,Attraction,Beach & Coastal,,Dual Lagoon Beach,Snorkelling & Diving,"Adventure Seekers,Nature Lovers,Couples",FALSE,TRUE,TRUE,FALSE,FALSE,TRUE,TRUE,FALSE,TRUE,TRUE,FALSE,40,60,55,80,20,80,40,75,,,,,,,,,,Contact local authority,INR,1.5,October to March,"A narrow island beach with lagoons on both its eastern and western shores, considered among the best diving and snorkelling spots in Lakshadweep with a turtle nesting area.","Narrow island with dual lagoons, prized for diving and snorkelling.",,,Web research (govt tourism / Incredible India / Wikipedia / reputable travel publishers),https://www.dizcoverpraveg.com/15-places-to-visit-in-lakshadweep-a-detailed-guide,1,2026-08-22,VERIFIED_TEXT_ONLY_NO_COORDS,MEDIUM,FALSE,FALSE,FALSE,FALSE,55
PL-03797,Kalpeni Juma Mosque,Kalpeni Jama Masjid,Lakshadweep,LD,TRUE,Lakshadweep,Kalpeni Island,CT-0509,Attraction,Mosques,,Historic Mosque,Islamic Heritage & Architecture,"Spiritual Travelers,History Lovers",FALSE,TRUE,TRUE,FALSE,TRUE,TRUE,FALSE,TRUE,TRUE,TRUE,TRUE,35,60,55,40,70,50,65,50,,,,,,,,,,Contact local authority,INR,1.5,October to March,"One of the oldest mosques in Lakshadweep, located on Kalpeni Island, featuring traditional Malabar-style wooden architecture and intricate carvings.","One of Lakshadweep's oldest mosques, with Malabar-style wood carving.",,,Web research (govt tourism / Incredible India / Wikipedia / reputable travel publishers),https://www.goindigo.in/get-inspired/lakshadweep-travel-guide.html,1,2026-08-22,VERIFIED_TEXT_ONLY_NO_COORDS,MEDIUM,FALSE,FALSE,TRUE,FALSE,40
PL-03798,Kalpeni Lagoon,Kalpeni Island Lagoon,Lakshadweep,LD,TRUE,Lakshadweep,Kalpeni Island,CT-0509,Attraction,Beach & Coastal,,Coral Lagoon,Water Sports & Sandbanks,"Adventure Seekers,Nature Lovers,Photography Lovers",FALSE,TRUE,TRUE,FALSE,FALSE,TRUE,TRUE,FALSE,TRUE,TRUE,FALSE,45,60,55,75,20,80,40,75,,,,,,,,,,Contact local authority,INR,1.5,October to March,"A scenic lagoon around Kalpeni Island with coral reefs and sandbanks, offering kayaking, glass-bottom boat rides, and snorkelling.",Scenic coral lagoon offering kayaking and glass-bottom boat rides.,,,Web research (govt tourism / Incredible India / Wikipedia / reputable travel publishers),https://www.captureatrip.com/blog/places-to-visit-in-lakshadweep,1,2026-08-22,VERIFIED_TEXT_ONLY_NO_COORDS,MEDIUM,FALSE,FALSE,FALSE,FALSE,55
PL-03799,Minicoy Lighthouse,Minicoy Island Lighthouse,Lakshadweep,LD,TRUE,Lakshadweep,Minicoy Island,CT-0510,Attraction,Viewpoints,,Lighthouse,Coastal Heritage & Views,"Photography Lovers,History Lovers,General Travelers",FALSE,TRUE,TRUE,FALSE,TRUE,TRUE,FALSE,FALSE,TRUE,TRUE,TRUE,40,60,55,40,20,50,55,70,,,,,,,,,,Contact local authority,INR,1.5,October to March,"A prominent lighthouse on Minicoy, the southernmost island of Lakshadweep, offering panoramic views over the island's coconut groves and lagoon.",Landmark lighthouse offering panoramic views over Minicoy island.,,,Web research (govt tourism / Incredible India / Wikipedia / reputable travel publishers),https://www.tourismlakshadweep.com/places-to-visit-in-lakshadweep,1,2026-08-22,VERIFIED_TEXT_ONLY_NO_COORDS,MEDIUM,FALSE,FALSE,FALSE,FALSE,55
PL-03800,Imphal War Cemetery,Commonwealth War Cemetery Imphal,Manipur,MN,FALSE,Imphal West,Imphal,CT-0145,Attraction,Heritage & Historical,,War Memorial,History & WWII Heritage,"History Lovers,General Travelers",FALSE,TRUE,TRUE,FALSE,TRUE,TRUE,FALSE,FALSE,TRUE,TRUE,TRUE,40,60,55,40,25,50,85,55,,,,,,,,,,Contact local authority,INR,1.5,October to March,"A Commonwealth War Graves Commission cemetery in Imphal honouring over 1,600 Allied soldiers who died during the Battle of Imphal in 1944.",WWII cemetery honouring Allied soldiers of the Battle of Imphal.,,,Web research (govt tourism / Incredible India / Wikipedia / reputable travel publishers),https://www.thrillophilia.com/destinations/imphal/places-to-visit,1,2026-08-22,VERIFIED_TEXT_ONLY_NO_COORDS,MEDIUM,FALSE,TRUE,FALSE,FALSE,70
PL-03801,Khonghampat Orchidarium,Orchid House Khonghampat,Manipur,MN,FALSE,Imphal West,Imphal,CT-0145,Attraction,Parks & Gardens,,Botanical Garden,Orchids & Flora,"Nature Lovers,Family,Photography Lovers",TRUE,TRUE,TRUE,TRUE,TRUE,TRUE,FALSE,FALSE,TRUE,TRUE,FALSE,55,60,55,40,20,80,40,75,,,,,,,,,,Contact local authority,INR,1.5,October to March,"A 215-acre orchidarium about 10 km from Imphal housing over 110 varieties of orchids native to Manipur, including rare Cymbidium and Dendrobium species.",Botanical garden with over 110 native orchid varieties near Imphal.,,,Web research (govt tourism / Incredible India / Wikipedia / reputable travel publishers),https://manipurtourism.gov.in/places-to-see/,1,2026-08-22,VERIFIED_TEXT_ONLY_NO_COORDS,MEDIUM,FALSE,FALSE,FALSE,FALSE,55
PL-03803,Keibul Lamjao National Park,Keibul Lamjao,Manipur,MN,FALSE,Bishnupur,Imphal,CT-0145,Attraction,Wildlife,,National Park,Wildlife & Wetland Conservation,"Nature Lovers,Adventure Seekers,Photography Lovers",FALSE,TRUE,TRUE,FALSE,FALSE,TRUE,TRUE,FALSE,TRUE,TRUE,FALSE,35,60,55,55,20,90,40,80,,,,,,,,,,Contact local authority,INR,1.5,October to March,"The world's only floating national park, located on Loktak Lake, and the last natural habitat of the endangered Sangai (brow-antlered deer).","World's only floating national park, home to the endangered Sangai deer.",,,Web research (govt tourism / Incredible India / Wikipedia / reputable travel publishers),https://www.thrillophilia.com/destinations/imphal/places-to-visit,1,2026-08-22,VERIFIED_TEXT_ONLY_NO_COORDS,MEDIUM,TRUE,FALSE,FALSE,FALSE,90
PL-03804,Manipur Zoological Garden,Iroisemba Zoo,Manipur,MN,FALSE,Imphal West,Imphal,CT-0145,Attraction,Wildlife,,Zoo,Wildlife & Family Outing,"Family,Kids,Nature Lovers",TRUE,TRUE,TRUE,TRUE,TRUE,TRUE,FALSE,FALSE,FALSE,TRUE,FALSE,70,60,55,40,20,60,40,45,,,,,,,,,,Contact local authority,INR,1.5,October to March,"A zoological park at Iroisemba near Imphal known for housing the Sangai deer, Manipur's endangered state animal, along with other regional wildlife.",Zoo near Imphal known for the endangered state-animal Sangai deer.,,,Web research (govt tourism / Incredible India / Wikipedia / reputable travel publishers),https://manipurtourism.gov.in/places-to-see/,1,2026-08-22,VERIFIED_TEXT_ONLY_NO_COORDS,MEDIUM,FALSE,FALSE,FALSE,FALSE,55
PL-03805,"Solomon's Temple, Aizawl",Kohhran Thianghlim Temple,Mizoram,MZ,FALSE,Aizawl,Aizawl,CT-0148,Attraction,Churches,,Non-denominational Church,Architecture & Faith,"Spiritual Travelers,Photography Lovers,General Travelers",FALSE,TRUE,TRUE,FALSE,TRUE,TRUE,FALSE,TRUE,TRUE,TRUE,FALSE,45,60,55,40,80,50,45,80,,,,,,,,,,Contact local authority,INR,1.5,October to March,"The largest church structure in Mizoram, built by the Kohhran Thianghlim (Holy Church) in Kidron Valley near Aizawl, modelled on the Biblical Temple of Solomon with white marble towers.","Mizoram's largest church, modelled on the Biblical Solomon's Temple.",,,Web research (govt tourism / Incredible India / Wikipedia / reputable travel publishers),https://www.incredibleindia.gov.in/en/mizoram/aizawl/solomons-temple,1,2026-08-22,VERIFIED_TEXT_ONLY_NO_COORDS,MEDIUM,TRUE,TRUE,FALSE,FALSE,90
PL-03806,Tamdil Lake,Tam Dil,Mizoram,MZ,FALSE,Aizawl,Aizawl,CT-0148,Attraction,Water & Lakes,,Natural Lake,Boating & Picnicking,"Family,Nature Lovers,Couples",TRUE,TRUE,TRUE,TRUE,TRUE,TRUE,FALSE,FALSE,TRUE,TRUE,FALSE,60,60,55,40,20,75,40,65,,,,,,,,,,Contact local authority,INR,1.5,October to March,"A natural lake about 110 km from Aizawl surrounded by forested hills, popular for boating and as a weekend getaway destination.","Scenic natural lake near Aizawl, popular for boating trips.",,,Web research (govt tourism / Incredible India / Wikipedia / reputable travel publishers),https://wanderon.in/blogs/places-to-visit-in-aizawl,1,2026-08-22,VERIFIED_TEXT_ONLY_NO_COORDS,MEDIUM,FALSE,FALSE,FALSE,FALSE,55
PL-03807,Reiek Heritage Village,Reiek Tlang,Mizoram,MZ,FALSE,Aizawl,Aizawl,CT-0148,Attraction,Cultural,,Heritage Village,Tribal Culture & Trekking,"History Lovers,Adventure Seekers,Photography Lovers",TRUE,TRUE,TRUE,TRUE,FALSE,TRUE,TRUE,FALSE,TRUE,TRUE,TRUE,50,60,55,55,20,60,65,65,,,,,,,,,,Contact local authority,INR,1.5,October to March,"A hilltop heritage village near Aizawl recreating traditional Mizo tribal huts and lifestyle, alongside trekking trails with views into Myanmar on clear days.",Hilltop heritage village showcasing traditional Mizo tribal life.,,,Web research (govt tourism / Incredible India / Wikipedia / reputable travel publishers),https://www.tripadvisor.com/Attraction_Review-g667801-d9780941-Reviews-Solomon_s_Temple-Aizawl_Aizawl_District_Mizoram.html,1,2026-08-22,VERIFIED_TEXT_ONLY_NO_COORDS,MEDIUM,FALSE,FALSE,FALSE,FALSE,55
PL-03808,Aizawl Zoological Park,Lungverh Zoo,Mizoram,MZ,FALSE,Aizawl,Aizawl,CT-0148,Attraction,Wildlife,,Zoo,Wildlife & Family Outing,"Family,Kids,Nature Lovers",TRUE,TRUE,TRUE,TRUE,TRUE,TRUE,FALSE,FALSE,FALSE,TRUE,FALSE,65,60,55,40,20,55,40,40,,,,,,,,,,Contact local authority,INR,1.5,October to March,"A state forest department-run zoological park at Lungverh on Aizawl's outskirts, showcasing Mizoram's regional wildlife and biodiversity.",State-run zoo on Aizawl's outskirts showcasing regional wildlife.,,,Web research (govt tourism / Incredible India / Wikipedia / reputable travel publishers),https://www.incredibleindia.gov.in/en/mizoram/aizawl/solomons-temple,1,2026-08-22,VERIFIED_TEXT_ONLY_NO_COORDS,MEDIUM,FALSE,FALSE,FALSE,FALSE,55
PL-03809,Nagoa Beach,Nagoa Beach Diu,Dadra and Nagar Haveli and Daman and Diu,DD,TRUE,Diu,Diu,CT-0030,Attraction,Beach & Coastal,,Horseshoe Beach,Beach & Water Sports,"Family,Couples,Friends,Adventure Seekers",TRUE,TRUE,TRUE,TRUE,FALSE,TRUE,TRUE,FALSE,TRUE,TRUE,FALSE,75,75,55,65,20,50,40,80,,,,,,,,,,Contact local authority,INR,1.5,October to March,"Diu's most famous horseshoe-shaped beach lined with palm trees, popular for swimming, parasailing, jet-skiing, and watersports.","Diu's most famous horseshoe-shaped beach, popular for watersports.",,,Web research (govt tourism / Incredible India / Wikipedia / reputable travel publishers),https://www.incredibleindia.gov.in/en/dadra-and-nagar-haveli-and-daman-and-diu/diu,1,2026-08-22,VERIFIED_TEXT_ONLY_NO_COORDS,MEDIUM,TRUE,TRUE,FALSE,FALSE,90
PL-03810,"St. Paul's Church, Diu",St Paul's Church,Dadra and Nagar Haveli and Daman and Diu,DD,TRUE,Diu,Diu,CT-0030,Attraction,Churches,,Baroque Church,Colonial Portuguese Heritage,"History Lovers,Spiritual Travelers,Photography Lovers",FALSE,TRUE,TRUE,FALSE,TRUE,TRUE,FALSE,TRUE,TRUE,TRUE,TRUE,40,60,55,40,60,50,80,75,,,,,,,,,,Contact local authority,INR,1.5,October to March,"Completed in 1610, Diu's last fully functional Portuguese-era church, notable for its Baroque facade and elaborately carved wooden interior.",Diu's active 1610 Portuguese-era church with a Baroque facade.,,,Web research (govt tourism / Incredible India / Wikipedia / reputable travel publishers),https://www.tripadvisor.in/Attractions-g297601-Activities-Diu_Diu_Island_Diu_District_Daman_and_Diu.html,1,2026-08-22,VERIFIED_TEXT_ONLY_NO_COORDS,MEDIUM,FALSE,TRUE,FALSE,FALSE,70
PL-03811,INS Khukri Memorial,"INS Khukri War Memorial, Diu",Dadra and Nagar Haveli and Daman and Diu,DD,TRUE,Diu,Diu,CT-0030,Attraction,Heritage & Historical,,Naval War Memorial,Military History,"History Lovers,General Travelers,Photography Lovers",FALSE,TRUE,TRUE,FALSE,TRUE,TRUE,FALSE,FALSE,TRUE,TRUE,TRUE,40,60,55,40,20,50,75,65,,,,,,,,,,Contact local authority,INR,1.5,October to March,"A clifftop memorial near Jallandhar Beach honouring the Indian Navy sailors lost aboard INS Khukri during the 1971 Indo-Pak War, featuring a scale model of the warship.","Clifftop memorial honouring sailors of the INS Khukri, sunk in 1971.",,,Web research (govt tourism / Incredible India / Wikipedia / reputable travel publishers),https://www.incredibleindia.gov.in/en/dadra-and-nagar-haveli-and-daman-and-diu/diu,1,2026-08-22,VERIFIED_TEXT_ONLY_NO_COORDS,MEDIUM,FALSE,FALSE,FALSE,FALSE,55
PL-03812,Gangeshwar Temple,"Gangeshwar Mahadev Temple, Diu",Dadra and Nagar Haveli and Daman and Diu,DD,TRUE,Diu,Diu,CT-0030,Attraction,Temples,,Shiva Temple,Coastal Temple,"Spiritual Travelers,Photography Lovers,Family",FALSE,TRUE,TRUE,FALSE,TRUE,TRUE,FALSE,TRUE,TRUE,FALSE,FALSE,45,60,55,40,80,45,40,65,,,,,,,,,,Contact local authority,INR,1.5,October to March,"A Shiva temple built around natural rock formations on the shoreline near Fudam, Diu, where sea waves wash over the Shivlings during high tide.",Shoreline Shiva temple where sea waves wash over the Shivlings at high tide.,,,Web research (govt tourism / Incredible India / Wikipedia / reputable travel publishers),https://www.tripadvisor.in/Attractions-g297601-Activities-Diu_Diu_Island_Diu_District_Daman_and_Diu.html,1,2026-08-22,VERIFIED_TEXT_ONLY_NO_COORDS,MEDIUM,FALSE,FALSE,FALSE,FALSE,55
PL-03813,Ghoghla Beach,"Ghogla Beach, Diu",Dadra and Nagar Haveli and Daman and Diu,DD,TRUE,Diu,Diu,CT-0030,Attraction,Beach & Coastal,,Long Beach,Beach & Watersports,"Family,Couples,Adventure Seekers",TRUE,TRUE,TRUE,TRUE,TRUE,TRUE,FALSE,FALSE,TRUE,TRUE,FALSE,65,60,55,45,20,50,40,60,,,,,,,,,,Contact local authority,INR,1.5,October to March,"A long, relatively uncrowded stretch of beach north of Diu town, regarded as one of the cleanest beaches on the island.","Long, clean beach north of Diu town, less crowded than Nagoa.",,,Web research (govt tourism / Incredible India / Wikipedia / reputable travel publishers),https://www.tripadvisor.in/Attractions-g297601-Activities-Diu_Diu_Island_Diu_District_Daman_and_Diu.html,1,2026-08-22,VERIFIED_TEXT_ONLY_NO_COORDS,MEDIUM,FALSE,FALSE,FALSE,FALSE,55
PL-03814,Panikota Fort,Fortim-do-Mar,Dadra and Nagar Haveli and Daman and Diu,DD,TRUE,Diu,Diu,CT-0030,Attraction,Forts & Palaces,,Sea Fort,Colonial Fort,"History Lovers,Photography Lovers,Adventure Seekers",FALSE,TRUE,TRUE,FALSE,TRUE,TRUE,FALSE,FALSE,TRUE,TRUE,TRUE,35,60,55,45,20,50,65,70,,,,,,,,,,Contact local authority,INR,1.5,October to March,"A small Portuguese-era fort built on an islet in the sea off Diu, reachable by boat, formerly used as a prison.","Small Portuguese sea fort on an islet, reachable only by boat.",,,Web research (govt tourism / Incredible India / Wikipedia / reputable travel publishers),https://www.tripadvisor.in/Attractions-g297601-Activities-Diu_Diu_Island_Diu_District_Daman_and_Diu.html,1,2026-08-22,VERIFIED_TEXT_ONLY_NO_COORDS,MEDIUM,FALSE,FALSE,TRUE,FALSE,40
PL-03815,Diu Museum (St. Thomas Church),Diu Museum,Dadra and Nagar Haveli and Daman and Diu,DD,TRUE,Diu,Diu,CT-0030,Attraction,Museums & Art,,Church Museum,Colonial Heritage & Art,"History Lovers,Spiritual Travelers,General Travelers",FALSE,TRUE,TRUE,FALSE,TRUE,TRUE,FALSE,FALSE,TRUE,TRUE,TRUE,40,60,55,40,40,50,70,55,,,,,,,,,,Contact local authority,INR,1.5,October to March,"Housed in the 1598-built St. Thomas Church, this museum displays wooden Christian sculptures, Portuguese-era artefacts, and archaeological relics.",Museum of Christian sculptures and colonial relics inside a 1598 church.,,,Web research (govt tourism / Incredible India / Wikipedia / reputable travel publishers),https://www.tripadvisor.in/Attractions-g297601-Activities-Diu_Diu_Island_Diu_District_Daman_and_Diu.html,1,2026-08-22,VERIFIED_TEXT_ONLY_NO_COORDS,MEDIUM,FALSE,FALSE,FALSE,FALSE,55
PL-03816,"Shell Museum, Diu",Sea Shell Museum,Dadra and Nagar Haveli and Daman and Diu,DD,TRUE,Diu,Diu,CT-0030,Attraction,Museums & Art,,Natural History Museum,Marine Curios,"Family,Kids,General Travelers",TRUE,TRUE,TRUE,TRUE,TRUE,TRUE,FALSE,FALSE,TRUE,TRUE,FALSE,55,60,55,40,20,50,35,50,,,,,,,,,,Contact local authority,INR,1.5,October to March,A private museum near Nagoa Beach displaying a lifelong personal collection of rare seashells gathered by retired merchant navy captain Devjibhai Fulbaria.,Private museum of rare seashells collected by a retired sea captain.,,,Web research (govt tourism / Incredible India / Wikipedia / reputable travel publishers),https://www.tripadvisor.in/Attractions-g297601-Activities-Diu_Diu_Island_Diu_District_Daman_and_Diu.html,1,2026-08-22,VERIFIED_TEXT_ONLY_NO_COORDS,MEDIUM,FALSE,FALSE,TRUE,FALSE,40
PL-03817,Sela Pass,"Sela Pass, Tawang",Arunachal Pradesh,AR,FALSE,Tawang,Tawang,CT-0019,Attraction,Hill Station & Mountains,,Mountain Pass,Scenic High-altitude Pass,"Adventure Seekers,Photography Lovers,Nature Lovers",FALSE,TRUE,TRUE,FALSE,FALSE,TRUE,TRUE,FALSE,TRUE,TRUE,FALSE,35,60,55,70,20,85,40,90,,,,,,,,,,Contact local authority,INR,1.5,October to March,"A high-altitude mountain pass at 13,700 feet connecting Tawang with Dirang and the rest of Arunachal Pradesh, notable for the frozen Sela Lake and dramatic Himalayan views.","High-altitude Himalayan pass at 13,700 ft with a scenic frozen lake.",,,Web research (govt tourism / Incredible India / Wikipedia / reputable travel publishers),https://tawang.nic.in/tourism/tourist-places/,1,2026-08-22,VERIFIED_TEXT_ONLY_NO_COORDS,MEDIUM,TRUE,TRUE,FALSE,FALSE,90
PL-03818,Bumla Pass,Bum La Pass,Arunachal Pradesh,AR,FALSE,Tawang,Tawang,CT-0019,Attraction,Adventure,,Border Pass,High-altitude Border Tourism,"Adventure Seekers,History Lovers,Photography Lovers",FALSE,TRUE,TRUE,FALSE,FALSE,TRUE,TRUE,FALSE,TRUE,TRUE,TRUE,15,60,55,85,20,50,60,80,,,,,,,,,,Contact local authority,INR,1.5,October to March,"A high-altitude pass at 15,200 ft on the India-China border near Tawang, requiring special permits, historically significant as a 1962 Indo-China War battle site.",Permit-only high-altitude border pass near the India-China LAC.,,,Web research (govt tourism / Incredible India / Wikipedia / reputable travel publishers),https://tawang.nic.in/tourism/tourist-places/,1,2026-08-22,VERIFIED_TEXT_ONLY_NO_COORDS,MEDIUM,FALSE,FALSE,FALSE,FALSE,55
PL-03819,Madhuri Lake,Sangetsar Tso / Shonga-Tser Lake,Arunachal Pradesh,AR,FALSE,Tawang,Tawang,CT-0019,Attraction,Water & Lakes,,High-altitude Lake,Scenic Lakes,"Photography Lovers,Nature Lovers,Couples",FALSE,TRUE,TRUE,FALSE,TRUE,TRUE,FALSE,FALSE,TRUE,TRUE,FALSE,35,55,55,40,20,80,40,85,,,,,,,,,,Contact local authority,INR,1.5,October to March,"A high-altitude lake near Bumla Pass formed by a landslide, renamed after Bollywood actress Madhuri Dixit filmed a movie scene here, known for its serene mountain setting.","Scenic high-altitude lake near Bumla Pass, named after a Bollywood shoot.",,,Web research (govt tourism / Incredible India / Wikipedia / reputable travel publishers),https://thrillingtravel.in/travel-guide-tawang-trip-itinerary.html,1,2026-08-22,VERIFIED_TEXT_ONLY_NO_COORDS,MEDIUM,FALSE,FALSE,FALSE,FALSE,55
PL-03820,Nuranang Falls,Jang Falls / Bong Bong Falls,Arunachal Pradesh,AR,FALSE,Tawang,Tawang,CT-0019,Attraction,Waterfalls,,Mountain Waterfall,Waterfalls & Scenery,"Nature Lovers,Photography Lovers,Family",TRUE,TRUE,TRUE,TRUE,TRUE,TRUE,FALSE,FALSE,TRUE,TRUE,FALSE,50,60,55,40,20,80,40,80,,,,,,,,,,Contact local authority,INR,1.5,October to March,"A roughly 100-metre waterfall near Jang village on the way to Sela Pass, one of the most photographed waterfalls in Arunachal Pradesh.","100-metre waterfall en route to Sela Pass, a popular photo stop.",,,Web research (govt tourism / Incredible India / Wikipedia / reputable travel publishers),https://tawang.nic.in/tourism/tourist-places/,1,2026-08-22,VERIFIED_TEXT_ONLY_NO_COORDS,MEDIUM,FALSE,FALSE,FALSE,FALSE,55
PL-03821,Tawang War Memorial,Tawang War Memorial / Jaswant Garh,Arunachal Pradesh,AR,FALSE,Tawang,Tawang,CT-0019,Attraction,Heritage & Historical,,War Memorial,1962 Indo-China War History,"History Lovers,General Travelers",FALSE,TRUE,TRUE,FALSE,TRUE,TRUE,FALSE,FALSE,TRUE,TRUE,TRUE,45,60,55,40,35,50,80,55,,,,,,,,,,Contact local authority,INR,1.5,October to March,A memorial stupa near Tawang town honouring Indian soldiers who died defending the region during the 1962 Indo-China War.,Memorial stupa honouring soldiers of the 1962 Indo-China War.,,,Web research (govt tourism / Incredible India / Wikipedia / reputable travel publishers),https://thrillingtravel.in/travel-guide-tawang-trip-itinerary.html,1,2026-08-22,VERIFIED_TEXT_ONLY_NO_COORDS,MEDIUM,FALSE,FALSE,FALSE,FALSE,55
PL-03822,PT Tso Lake,Pankang Teng Tso Lake,Arunachal Pradesh,AR,FALSE,Tawang,Tawang,CT-0019,Attraction,Water & Lakes,,High-altitude Lake,Scenic Lakes & Winter Skiing,"Nature Lovers,Adventure Seekers,Photography Lovers",FALSE,TRUE,TRUE,FALSE,FALSE,TRUE,TRUE,FALSE,TRUE,TRUE,FALSE,35,60,55,55,20,75,40,75,,,,,,,,,,Contact local authority,INR,1.5,October to March,"A high-altitude lake roughly 18-20 km from Tawang town, popular for its winter skiing conditions and mountain scenery.","High-altitude lake near Tawang, used for winter skiing.",,,Web research (govt tourism / Incredible India / Wikipedia / reputable travel publishers),https://thrillingtravel.in/travel-guide-tawang-trip-itinerary.html,1,2026-08-22,VERIFIED_TEXT_ONLY_NO_COORDS,MEDIUM,FALSE,FALSE,TRUE,FALSE,40
PL-03823,Ita Fort,"Ita Fort, Itanagar",Arunachal Pradesh,AR,FALSE,Papum Pare,Itanagar,CT-0018,Attraction,Forts & Palaces,,Brick Fort,Medieval Heritage,"History Lovers,Photography Lovers,General Travelers",FALSE,TRUE,TRUE,FALSE,TRUE,TRUE,FALSE,FALSE,TRUE,TRUE,TRUE,45,60,55,40,20,50,80,65,,,,,,,,,,Contact local authority,INR,1.5,October to March,"A 14th-15th century brick fort from which Itanagar derives its name, believed to have been built by the Jitari dynasty, enclosed by extensive brick ramparts spanning over a kilometre.",14th-15th century brick fort that gives Itanagar its name.,,,Web research (govt tourism / Incredible India / Wikipedia / reputable travel publishers),https://www.holidify.com/places/itanagar/sightseeing-and-things-to-do.html,1,2026-08-22,VERIFIED_TEXT_ONLY_NO_COORDS,MEDIUM,TRUE,FALSE,FALSE,FALSE,90
PL-03824,"Gompa Buddhist Temple, Itanagar",Buddha Vihar Itanagar,Arunachal Pradesh,AR,FALSE,Papum Pare,Itanagar,CT-0018,Attraction,Buddhist & Jain,,Buddhist Monastery,Buddhist Heritage,"Spiritual Travelers,Photography Lovers,Family",TRUE,TRUE,TRUE,TRUE,TRUE,TRUE,FALSE,TRUE,TRUE,TRUE,FALSE,50,60,55,40,75,50,40,65,,,,,,,,,,Contact local authority,INR,1.5,October to March,"A hilltop Buddhist monastery overlooking Itanagar city, a prime spiritual and cultural attraction with panoramic views.",Hilltop Buddhist monastery overlooking Itanagar city.,,,Web research (govt tourism / Incredible India / Wikipedia / reputable travel publishers),https://www.holidify.com/places/itanagar/sightseeing-and-things-to-do.html,1,2026-08-22,VERIFIED_TEXT_ONLY_NO_COORDS,MEDIUM,FALSE,FALSE,FALSE,FALSE,55
PL-03825,"Polo Park, Itanagar",Buddha Park / Polo Park,Arunachal Pradesh,AR,FALSE,Papum Pare,Itanagar,CT-0018,Attraction,Parks & Gardens,,City Park,Family Recreation,"Family,Kids,Friends",TRUE,TRUE,TRUE,TRUE,TRUE,TRUE,FALSE,FALSE,FALSE,TRUE,FALSE,65,60,55,40,20,50,40,45,,,,,,,,,,Contact local authority,INR,1.5,October to March,"A city park in Itanagar featuring a large polo-player statue commemorating the region's polo heritage, popular for photography and family outings.",City park featuring a large statue honouring the region's polo heritage.,,,Web research (govt tourism / Incredible India / Wikipedia / reputable travel publishers),https://www.makemytrip.com/tripideas/places-to-visit-in-itanagar,1,2026-08-22,VERIFIED_TEXT_ONLY_NO_COORDS,MEDIUM,FALSE,FALSE,FALSE,FALSE,55
PL-03826,"Indira Gandhi Park, Itanagar",Indira Gandhi Park,Arunachal Pradesh,AR,FALSE,Papum Pare,Itanagar,CT-0018,Attraction,Parks & Gardens,,City Park,Family Recreation,"Family,Kids,Friends",TRUE,TRUE,TRUE,TRUE,TRUE,TRUE,FALSE,FALSE,TRUE,FALSE,FALSE,60,60,55,40,20,40,40,60,,,,,,,,,,Contact local authority,INR,1.5,October to March,A landscaped city park in Itanagar popular with locals and tourists for its greenery and relaxed atmosphere.,Landscaped city park popular for a relaxed evening stroll.,,,Web research (govt tourism / Incredible India / Wikipedia / reputable travel publishers),https://www.adotrip.com/city-detail/itanagar,1,2026-08-22,VERIFIED_TEXT_ONLY_NO_COORDS,MEDIUM,FALSE,FALSE,FALSE,FALSE,55
PL-03827,Corbyn's Cove Beach,Corbyn Cove,Andaman and Nicobar Islands,AN,TRUE,Andamans,Port Blair,CT-0004,Attraction,Beach & Coastal,,City Beach,Beach & Watersports,"Family,Couples,Friends",TRUE,TRUE,TRUE,TRUE,TRUE,TRUE,FALSE,FALSE,TRUE,TRUE,FALSE,75,70,55,45,20,50,40,65,,,,,,,,,,Contact local authority,INR,1.5,October to March,"Port Blair's nearest beach, a crescent-shaped stretch of sand fringed by coconut palms, popular for its calm waters and easy access from the city.","Port Blair's nearest beach, popular for its calm palm-fringed shore.",,,Web research (govt tourism / Incredible India / Wikipedia / reputable travel publishers),https://www.andamantourism.org/places-to-visit-in-port-blair/,1,2026-08-22,VERIFIED_TEXT_ONLY_NO_COORDS,MEDIUM,FALSE,TRUE,FALSE,FALSE,70
PL-03828,Ross Island (Netaji Subhas Chandra Bose Dweep),Ross Island,Andaman and Nicobar Islands,AN,TRUE,Andamans,Port Blair,CT-0004,Attraction,Heritage & Historical,,Colonial Ruins Island,Colonial History & Wildlife,"History Lovers,Photography Lovers,Nature Lovers",TRUE,TRUE,TRUE,TRUE,TRUE,TRUE,FALSE,FALSE,TRUE,TRUE,TRUE,55,60,55,40,20,55,85,85,,,,,,,,,,Contact local authority,INR,1.5,October to March,"A former British administrative headquarters island off Port Blair, now home to picturesque colonial ruins overgrown with roots, alongside roaming spotted deer.",Former British HQ island with atmospheric colonial ruins and deer.,,,Web research (govt tourism / Incredible India / Wikipedia / reputable travel publishers),https://www.andamantourism.org/places-to-visit-in-port-blair/,1,2026-08-22,VERIFIED_TEXT_ONLY_NO_COORDS,MEDIUM,TRUE,TRUE,FALSE,FALSE,90
PL-03829,North Bay Island,"North Bay Island, Port Blair",Andaman and Nicobar Islands,AN,TRUE,Andamans,Port Blair,CT-0004,Attraction,Beach & Coastal,,Coral Island,Snorkelling & Sea Walking,"Adventure Seekers,Nature Lovers,Family",TRUE,TRUE,TRUE,TRUE,FALSE,TRUE,TRUE,FALSE,TRUE,TRUE,FALSE,55,60,55,80,20,80,40,75,,,,,,,,,,Contact local authority,INR,1.5,October to March,"An island near Port Blair known for its coral reefs, popular for snorkelling, scuba diving, and sea-walking excursions.",Coral island near Port Blair popular for snorkelling and sea-walking.,,,Web research (govt tourism / Incredible India / Wikipedia / reputable travel publishers),https://www.andamantourism.org/places-to-visit-in-port-blair/,1,2026-08-22,VERIFIED_TEXT_ONLY_NO_COORDS,MEDIUM,FALSE,TRUE,FALSE,FALSE,70
PL-03830,Chidiya Tapu,Chidiyatapu,Andaman and Nicobar Islands,AN,TRUE,Andamans,Port Blair,CT-0004,Attraction,Viewpoints,,Sunset Point,Sunset & Birdwatching,"Nature Lovers,Photography Lovers,Couples",FALSE,TRUE,TRUE,FALSE,TRUE,TRUE,FALSE,FALSE,TRUE,TRUE,FALSE,45,60,55,40,20,75,40,85,,,,,,,,,,Contact local authority,INR,1.5,October to March,"A tranquil spot roughly 25 km from Port Blair known as the islands' best sunset viewpoint, with mangrove boardwalks and birdwatching trails.",Port Blair's best-known sunset viewpoint with mangrove nature trails.,,,Web research (govt tourism / Incredible India / Wikipedia / reputable travel publishers),https://www.andamantourism.org/places-to-visit-in-port-blair/,1,2026-08-22,VERIFIED_TEXT_ONLY_NO_COORDS,MEDIUM,FALSE,FALSE,FALSE,FALSE,55
PL-03831,Samudrika Naval Marine Museum,Samudrika Marine Museum,Andaman and Nicobar Islands,AN,TRUE,Andamans,Port Blair,CT-0004,Attraction,Museums & Art,,Naval Marine Museum,Marine Life & Naval History,"Family,History Lovers,Nature Lovers",TRUE,TRUE,TRUE,TRUE,TRUE,TRUE,FALSE,FALSE,TRUE,TRUE,TRUE,55,60,55,40,20,55,50,60,,,,,,,,,,Contact local authority,INR,1.5,October to March,"A museum run by the Indian Navy in Port Blair showcasing the ecology, geography, and marine life of the Andaman and Nicobar Islands.",Navy-run museum on the ecology and marine life of the Andamans.,,,Web research (govt tourism / Incredible India / Wikipedia / reputable travel publishers),https://www.andamantourism.org/places-to-visit-in-port-blair/,1,2026-08-22,VERIFIED_TEXT_ONLY_NO_COORDS,MEDIUM,FALSE,FALSE,FALSE,FALSE,55
PL-03832,Mahatma Gandhi Marine National Park,Wandoor Marine National Park,Andaman and Nicobar Islands,AN,TRUE,Andamans,Port Blair,CT-0004,Attraction,Nature & Wildlife,,Marine National Park,Coral Reefs & Marine Biodiversity,"Nature Lovers,Adventure Seekers,Photography Lovers",FALSE,TRUE,TRUE,FALSE,FALSE,TRUE,TRUE,FALSE,TRUE,TRUE,FALSE,45,60,55,65,20,90,40,80,,,,,,,,,,Contact local authority,INR,1.5,October to March,"A marine national park near Wandoor comprising several small islands and coral reefs, protecting diverse marine biodiversity and offering glass-bottom boat tours.",Marine national park near Wandoor protecting coral reef biodiversity.,,,Web research (govt tourism / Incredible India / Wikipedia / reputable travel publishers),https://www.andamantourism.org/places-to-visit-in-port-blair/,1,2026-08-22,VERIFIED_TEXT_ONLY_NO_COORDS,MEDIUM,TRUE,FALSE,FALSE,FALSE,90
PL-03833,Chatham Saw Mill,"Chatham Saw Mill, Port Blair",Andaman and Nicobar Islands,AN,TRUE,Andamans,Port Blair,CT-0004,Attraction,Heritage & Historical,,Historic Saw Mill,Colonial Industrial Heritage,"History Lovers,General Travelers",FALSE,TRUE,TRUE,FALSE,TRUE,TRUE,FALSE,FALSE,TRUE,TRUE,TRUE,35,60,55,40,20,50,65,60,,,,,,,,,,Contact local authority,INR,1.5,October to March,"One of Asia's oldest and largest sawmills, established by the British in 1883 on Chatham Island, now housing a small forest museum.","One of Asia's oldest sawmills, established by the British in 1883.",,,Web research (govt tourism / Incredible India / Wikipedia / reputable travel publishers),https://www.andamantourism.org/places-to-visit-in-port-blair/,1,2026-08-22,VERIFIED_TEXT_ONLY_NO_COORDS,MEDIUM,FALSE,FALSE,TRUE,FALSE,40
PL-03834,Elephant Beach,"Elephant Beach, Havelock",Andaman and Nicobar Islands,AN,TRUE,Andamans,Havelock Island,CT-0002,Attraction,Beach & Coastal,,Coral Beach,Snorkelling & Water Sports,"Adventure Seekers,Nature Lovers,Family",TRUE,TRUE,TRUE,TRUE,FALSE,TRUE,TRUE,FALSE,TRUE,TRUE,FALSE,55,60,55,80,20,85,40,80,,,,,,,,,,Contact local authority,INR,1.5,October to March,"A beach on Havelock Island reachable by boat or a forest trek, renowned for coral reefs and a wide range of water sports including snorkelling and sea-walking.",Havelock beach famed for coral reefs and snorkelling.,,,Web research (govt tourism / Incredible India / Wikipedia / reputable travel publishers),https://www.experienceandamans.com/andaman-tourism/havelock/places/elephant-beach,1,2026-08-22,VERIFIED_TEXT_ONLY_NO_COORDS,MEDIUM,TRUE,TRUE,FALSE,FALSE,90
PL-03835,Kalapathar Beach,"Kalapathar Beach, Havelock",Andaman and Nicobar Islands,AN,TRUE,Andamans,Havelock Island,CT-0002,Attraction,Beach & Coastal,,Rocky Beach,Scenic Beach & Sunrise,"Couples,Photography Lovers,Nature Lovers",FALSE,TRUE,TRUE,FALSE,TRUE,TRUE,FALSE,FALSE,TRUE,TRUE,FALSE,45,65,55,40,20,65,40,75,,,,,,,,,,Contact local authority,INR,1.5,October to March,"A quieter Havelock Island beach named for its distinctive black rock formations, known for calm waters and scenic sunrise views.",Quieter Havelock beach known for its black rock formations.,,,Web research (govt tourism / Incredible India / Wikipedia / reputable travel publishers),https://andamantravelcare.com/baratang-island/,1,2026-08-22,VERIFIED_TEXT_ONLY_NO_COORDS,MEDIUM,FALSE,FALSE,FALSE,FALSE,55
PL-03836,"Natural Bridge, Neil Island",Howrah Bridge Neil Island,Andaman and Nicobar Islands,AN,TRUE,Andamans,Neil Island,CT-0003,Attraction,Nature & Wildlife,,Coral Rock Arch,Geological Wonder,"Nature Lovers,Photography Lovers,Family",TRUE,TRUE,TRUE,TRUE,TRUE,TRUE,FALSE,FALSE,TRUE,TRUE,FALSE,50,60,55,40,20,80,40,85,,,,,,,,,,Contact local authority,INR,1.5,October to March,"A natural coral rock arch on Neil Island's Laxmanpur side, visible at low tide, nicknamed 'Howrah Bridge' by locals.","Natural coral rock arch on Neil Island, visible at low tide.",,,Web research (govt tourism / Incredible India / Wikipedia / reputable travel publishers),https://andamantravelcare.com/natural-bridge-neil-island/,1,2026-08-22,VERIFIED_TEXT_ONLY_NO_COORDS,MEDIUM,FALSE,TRUE,FALSE,FALSE,70
PL-03837,Laxmanpur Beach,"Laxmanpur Beach, Neil Island",Andaman and Nicobar Islands,AN,TRUE,Andamans,Neil Island,CT-0003,Attraction,Beach & Coastal,,Sunset Beach,Scenic Beach & Sunset,"Family,Couples,Photography Lovers",TRUE,TRUE,TRUE,TRUE,TRUE,TRUE,FALSE,FALSE,TRUE,TRUE,FALSE,65,70,55,40,20,50,40,80,,,,,,,,,,Contact local authority,INR,1.5,October to March,"A wide, iconic Neil Island beach known for its dramatic sunsets and tidal pools.",Neil Island's iconic sunset beach with wide tidal pools.,,,Web research (govt tourism / Incredible India / Wikipedia / reputable travel publishers),https://andamantravelcare.com/natural-bridge-neil-island/,1,2026-08-22,VERIFIED_TEXT_ONLY_NO_COORDS,MEDIUM,FALSE,FALSE,FALSE,FALSE,55
PL-03838,"Mud Volcano, Baratang",Baratang Mud Volcanoes,Andaman and Nicobar Islands,AN,TRUE,Andamans,Baratang Island,CT-0001,Attraction,Nature & Wildlife,,Mud Volcano,Rare Geological Feature,"Nature Lovers,Adventure Seekers,Photography Lovers",FALSE,TRUE,TRUE,FALSE,FALSE,TRUE,TRUE,FALSE,TRUE,TRUE,FALSE,40,60,55,50,20,75,40,65,,,,,,,,,,Contact local authority,INR,1.5,October to March,"A rare geological formation on Baratang Island featuring small bubbling mud vents, one of very few such sites in India.","Rare bubbling mud-vent formations, one of few such sites in India.",,,Web research (govt tourism / Incredible India / Wikipedia / reputable travel publishers),https://eandamantourism.com/baratang-island-vs-neil-island-which-to-choose/,1,2026-08-22,VERIFIED_TEXT_ONLY_NO_COORDS,MEDIUM,FALSE,FALSE,TRUE,FALSE,40
PL-03839,"Parrot Island, Baratang",Parrot Island,Andaman and Nicobar Islands,AN,TRUE,Andamans,Baratang Island,CT-0001,Attraction,Nature & Wildlife,,Bird Roosting Site,Birdwatching at Sunset,"Nature Lovers,Photography Lovers,Adventure Seekers",FALSE,TRUE,TRUE,FALSE,TRUE,TRUE,FALSE,FALSE,TRUE,TRUE,FALSE,35,60,55,45,20,75,40,75,,,,,,,,,,Contact local authority,INR,1.5,October to March,"A mangrove islet near Baratang where thousands of parrots roost at sunset, viewed by boat during the appropriate season.",Mangrove islet where thousands of parrots roost at sunset.,,,Web research (govt tourism / Incredible India / Wikipedia / reputable travel publishers),https://eandamantourism.com/baratang-island-vs-neil-island-which-to-choose/,1,2026-08-22,VERIFIED_TEXT_ONLY_NO_COORDS,MEDIUM,FALSE,FALSE,TRUE,FALSE,40
PL-03840,Kanger Valley National Park,Kanger Ghati National Park,Chhattisgarh,CG,FALSE,Bastar,Jagdalpur,CT-0512,Attraction,Nature & Wildlife,,National Park & Biosphere Reserve,Wildlife & Caves,"Nature Lovers,Adventure Seekers,Photography Lovers",FALSE,TRUE,TRUE,FALSE,FALSE,TRUE,TRUE,FALSE,TRUE,TRUE,FALSE,45,60,55,70,20,90,40,75,,,,,,,,,,Contact local authority,INR,1.5,October to March,"A biosphere reserve in the Bastar region of Chhattisgarh, home to dense forest, the Kailash and Kotumsar caves, and Tirathgarh Falls, protecting diverse flora and fauna.","Bastar biosphere reserve famed for its caves, forest, and waterfalls.",,,Web research (govt tourism / Incredible India / Wikipedia / reputable travel publishers),https://www.holidify.com/state/chattisgarh/top-destinations-places-to-visit.html,1,2026-08-22,VERIFIED_TEXT_ONLY_NO_COORDS,MEDIUM,TRUE,FALSE,FALSE,FALSE,90
PL-03841,Tirathgarh Falls,Tirathgarh Waterfall,Chhattisgarh,CG,FALSE,Bastar,Jagdalpur,CT-0512,Attraction,Waterfalls,,Multi-tiered Waterfall,Waterfalls & Eco-tourism,"Nature Lovers,Photography Lovers,Family",TRUE,TRUE,TRUE,TRUE,TRUE,TRUE,FALSE,FALSE,TRUE,TRUE,FALSE,55,60,55,40,20,85,40,80,,,,,,,,,,Contact local authority,INR,1.5,October to March,"A multi-tiered waterfall inside Kanger Valley National Park in the Bastar region, one of Chhattisgarh's most visited natural attractions.",Multi-tiered waterfall inside Kanger Valley National Park.,,,Web research (govt tourism / Incredible India / Wikipedia / reputable travel publishers),https://www.godigit.com/explore/tourist-attractions/tourist-places-in-chhattisgarh,1,2026-08-22,VERIFIED_TEXT_ONLY_NO_COORDS,MEDIUM,FALSE,TRUE,FALSE,FALSE,70
PL-03842,Kailash and Kotumsar Caves,Kotumsar Cave,Chhattisgarh,CG,FALSE,Bastar,Jagdalpur,CT-0512,Attraction,Caves,,Limestone Cave,Speleology & Nature,"Adventure Seekers,Nature Lovers,Photography Lovers",FALSE,TRUE,TRUE,FALSE,FALSE,TRUE,TRUE,FALSE,TRUE,TRUE,FALSE,30,60,55,65,20,75,40,65,,,,,,,,,,Contact local authority,INR,1.5,October to March,"A limestone cave system within Kanger Valley National Park, considered one of the longest natural caves in India, with stalactite and stalagmite formations.",One of India's longest natural limestone cave systems.,,,Web research (govt tourism / Incredible India / Wikipedia / reputable travel publishers),https://www.godigit.com/explore/tourist-attractions/tourist-places-in-chhattisgarh,1,2026-08-22,VERIFIED_TEXT_ONLY_NO_COORDS,MEDIUM,FALSE,FALSE,TRUE,FALSE,40
PL-03843,Bastar Palace,Jagdalpur Palace,Chhattisgarh,CG,FALSE,Bastar,Jagdalpur,CT-0512,Attraction,Forts & Palaces,,Royal Palace,Royal Heritage,"History Lovers,Photography Lovers,General Travelers",FALSE,TRUE,TRUE,FALSE,TRUE,TRUE,FALSE,FALSE,TRUE,TRUE,TRUE,40,60,55,40,20,50,70,55,,,,,,,,,,Contact local authority,INR,1.5,October to March,"The former residence of the Bastar royal family in Jagdalpur, reflecting the region's princely-state history and Bastar tribal-royal architecture.",Former residence of Bastar's erstwhile royal family.,,,Web research (govt tourism / Incredible India / Wikipedia / reputable travel publishers),https://banasri.in/top-30-tourist-destinations-in-chhattisgarh/,1,2026-08-22,VERIFIED_TEXT_ONLY_NO_COORDS,MEDIUM,FALSE,FALSE,FALSE,FALSE,55
PL-03845,Purkhauti Muktangan,"Purkhauti Muktangan, Naya Raipur",Chhattisgarh,CG,FALSE,Raipur,Raipur,CT-0511,Attraction,Parks & Gardens,,Open-air Cultural Park,Tribal Culture & Heritage,"Family,Kids,Photography Lovers",TRUE,TRUE,TRUE,TRUE,TRUE,TRUE,FALSE,FALSE,TRUE,TRUE,TRUE,65,60,55,40,20,50,55,55,,,,,,,,,,Contact local authority,INR,1.5,October to March,"An open-air art park in Naya Raipur developed by the state tourism department, displaying artefacts, tribal habitats, folk dances, and cuisine of Chhattisgarh, inaugurated in 2006.",Open-air cultural park showcasing Chhattisgarh's tribal heritage and folk life.,,,Web research (govt tourism / Incredible India / Wikipedia / reputable travel publishers),https://banasri.in/top-30-tourist-destinations-in-chhattisgarh/,1,2026-08-22,VERIFIED_TEXT_ONLY_NO_COORDS,MEDIUM,FALSE,FALSE,FALSE,FALSE,55
PL-03846,Nandan Van Zoo and Safari,"Nandan Van Jungle Safari, Raipur",Chhattisgarh,CG,FALSE,Raipur,Raipur,CT-0511,Attraction,Wildlife,,Zoo & Safari,Wildlife & Family Outing,"Family,Kids,Nature Lovers",TRUE,TRUE,TRUE,TRUE,TRUE,TRUE,FALSE,FALSE,FALSE,TRUE,FALSE,70,60,55,40,20,55,40,45,,,,,,,,,,Contact local authority,INR,1.5,October to March,"A zoo and jungle safari on the outskirts of Raipur housing tigers, lions, and regional wildlife in a large forested enclosure.",Zoo and jungle safari on Raipur's outskirts with tigers and regional wildlife.,,,Web research (govt tourism / Incredible India / Wikipedia / reputable travel publishers),https://banasri.in/top-30-tourist-destinations-in-chhattisgarh/,1,2026-08-22,VERIFIED_TEXT_ONLY_NO_COORDS,MEDIUM,FALSE,FALSE,FALSE,FALSE,55
PL-03847,Bambleshwari Devi Temple,Dongargarh Bambleshwari Temple,Chhattisgarh,CG,FALSE,Rajnandgaon,Dongargarh,CT-0513,Attraction,Temples,,Hilltop Temple,Pilgrimage,"Spiritual Travelers,Family,General Travelers",TRUE,TRUE,TRUE,TRUE,TRUE,TRUE,FALSE,TRUE,TRUE,TRUE,TRUE,55,60,55,40,90,50,55,55,,,,,,,,,,Contact local authority,INR,1.5,October to March,"A major Hindu pilgrimage temple atop a hill in Dongargarh dedicated to Goddess Bambleshwari, reached via a stepped climb or ropeway and drawing large crowds during Navratri.","Hilltop goddess temple in Dongargarh, a major Navratri pilgrimage site.",,,Web research (govt tourism / Incredible India / Wikipedia / reputable travel publishers),https://banasri.in/top-30-tourist-destinations-in-chhattisgarh/,1,2026-08-22,VERIFIED_TEXT_ONLY_NO_COORDS,MEDIUM,FALSE,TRUE,FALSE,FALSE,70
PL-03848,Sirpur Archaeological Site,Sirpur Laxman Temple & Ruins,Chhattisgarh,CG,FALSE,Mahasamund,Sirpur,CT-0514,Attraction,Archaeological,,Ancient Temple Complex,Buddhist & Hindu Heritage,"History Lovers,Photography Lovers,Spiritual Travelers",FALSE,TRUE,TRUE,FALSE,TRUE,TRUE,FALSE,TRUE,TRUE,TRUE,TRUE,35,60,55,40,55,50,85,65,,,,,,,,,,Contact local authority,INR,1.5,October to March,"An ancient town on the Mahanadi River near Raipur, home to the red-brick Lakshmana Temple carved with mythological reliefs, along with excavated Buddhist monastery ruins dating back over a thousand years.",Ancient riverside town with the red-brick Lakshmana Temple and Buddhist ruins.,,,Web research (govt tourism / Incredible India / Wikipedia / reputable travel publishers),https://chhattisgarhtourism.co.in/tourist-destinations-of-chhattisgarh.html,1,2026-08-22,VERIFIED_TEXT_ONLY_NO_COORDS,MEDIUM,FALSE,FALSE,TRUE,FALSE,40
PL-03849,Barnawapara Wildlife Sanctuary,Barnawapara Sanctuary,Chhattisgarh,CG,FALSE,Mahasamund,Raipur,CT-0511,Attraction,Nature & Wildlife,,Wildlife Sanctuary,Wildlife & Jungle Safari,"Nature Lovers,Adventure Seekers,Family",TRUE,TRUE,TRUE,TRUE,FALSE,TRUE,TRUE,FALSE,TRUE,TRUE,FALSE,50,60,55,55,20,80,40,55,,,,,,,,,,Contact local authority,INR,1.5,October to March,"A wildlife sanctuary spread over roughly 250 sq km in the Mahasamund/Balodabazar region, home to leopards, sloth bears, and diverse deer species amid lush forest.",250 sq km wildlife sanctuary known for leopards and sloth bears.,,,Web research (govt tourism / Incredible India / Wikipedia / reputable travel publishers),https://www.godigit.com/explore/tourist-attractions/tourist-places-in-chhattisgarh,1,2026-08-22,VERIFIED_TEXT_ONLY_NO_COORDS,MEDIUM,FALSE,FALSE,FALSE,FALSE,55
PL-03850,"Magnolia Point, Netarhat",Netarhat Sunrise Point,Jharkhand,JH,FALSE,Latehar,Netarhat,CT-0515,Attraction,Viewpoints,,Sunrise Viewpoint,Hill Station & Scenery,"Nature Lovers,Photography Lovers,Couples",FALSE,TRUE,TRUE,FALSE,TRUE,TRUE,FALSE,FALSE,TRUE,TRUE,FALSE,45,55,55,40,20,85,40,90,,,,,,,,,,Contact local authority,INR,1.5,October to March,"A renowned sunrise viewpoint at Netarhat hill station, offering panoramic views over the pine-forested Chotanagpur plateau at dawn.",Netarhat's famous sunrise viewpoint over the pine-forested plateau.,,,Web research (govt tourism / Incredible India / Wikipedia / reputable travel publishers),https://hiranpur.in/best-tourist-places-in-jharkhand/,1,2026-08-22,VERIFIED_TEXT_ONLY_NO_COORDS,MEDIUM,FALSE,TRUE,FALSE,FALSE,70
PL-03851,Upper Ghaghri Falls,Ghaghri Falls Netarhat,Jharkhand,JH,FALSE,Latehar,Netarhat,CT-0515,Attraction,Waterfalls,,Forest Waterfall,Waterfalls & Nature,"Nature Lovers,Photography Lovers,Family",TRUE,TRUE,TRUE,TRUE,TRUE,TRUE,FALSE,FALSE,TRUE,TRUE,FALSE,50,60,55,40,20,75,40,70,,,,,,,,,,Contact local authority,INR,1.5,October to March,"A waterfall near Netarhat hill station set amid dense forest, popular alongside the nearby Lower Ghaghri Falls for its scenic surroundings.","Forest waterfall near Netarhat, popular with nature photographers.",,,Web research (govt tourism / Incredible India / Wikipedia / reputable travel publishers),https://seawatersports.com/places/jharkhand/hazaribagh-in-jharkhand,1,2026-08-22,VERIFIED_TEXT_ONLY_NO_COORDS,MEDIUM,FALSE,FALSE,FALSE,FALSE,55
PL-03852,Betla National Park,Betla Tiger Reserve,Jharkhand,JH,FALSE,Latehar,Betla,CT-0516,Attraction,Wildlife,,National Park & Tiger Reserve,Wildlife Safari,"Nature Lovers,Adventure Seekers,Family",TRUE,TRUE,TRUE,TRUE,FALSE,TRUE,TRUE,FALSE,TRUE,TRUE,FALSE,55,60,55,65,20,90,40,70,,,,,,,,,,Contact local authority,INR,1.5,October to March,"One of India's oldest national parks and part of Palamau Tiger Reserve, spread across the hilly Palamau terrain, known for elephants, tigers, and the ruins of Palamau Fort within its boundary.","One of India's oldest tiger reserves, known for elephants and forest ruins.",,,Web research (govt tourism / Incredible India / Wikipedia / reputable travel publishers),https://travelsetu.com/guide/jharkhand-tourism/places-to-visit-in-jharkhand,1,2026-08-22,VERIFIED_TEXT_ONLY_NO_COORDS,MEDIUM,TRUE,TRUE,FALSE,FALSE,90
PL-03853,Palamau Fort,"Palamau Fort, Betla",Jharkhand,JH,FALSE,Latehar,Betla,CT-0516,Attraction,Forts & Palaces,,Forest Fort Ruins,Historical Fort within Wildlife Reserve,"History Lovers,Adventure Seekers,Photography Lovers",FALSE,TRUE,TRUE,FALSE,FALSE,TRUE,TRUE,FALSE,TRUE,TRUE,TRUE,35,60,55,55,20,50,70,60,,,,,,,,,,Contact local authority,INR,1.5,October to March,"Ruins of a historic fort situated deep inside the forests of Betla National Park, adding a layer of heritage to the reserve's wildlife safari experience.",Historic fort ruins hidden within the forests of Betla National Park.,,,Web research (govt tourism / Incredible India / Wikipedia / reputable travel publishers),https://travelsetu.com/guide/jharkhand-tourism/places-to-visit-in-jharkhand,1,2026-08-22,VERIFIED_TEXT_ONLY_NO_COORDS,MEDIUM,FALSE,FALSE,TRUE,FALSE,40
PL-03854,Hazaribagh Wildlife Sanctuary,Hazaribagh National Park,Jharkhand,JH,FALSE,Hazaribagh,Hazaribagh,CT-0517,Attraction,Nature & Wildlife,,Wildlife Sanctuary,Wildlife & Forest,"Nature Lovers,Adventure Seekers,Family",TRUE,TRUE,TRUE,TRUE,FALSE,TRUE,TRUE,FALSE,TRUE,TRUE,FALSE,50,60,55,55,20,80,40,55,,,,,,,,,,Contact local authority,INR,1.5,October to March,"A wildlife sanctuary near Hazaribagh town set amid dense, largely unexplored sal forest, rock formations, and lakes on the Chotanagpur plateau.",Dense forest wildlife sanctuary near Hazaribagh with lakes and rock formations.,,,Web research (govt tourism / Incredible India / Wikipedia / reputable travel publishers),https://www.holidify.com/state/jharkhand/top-destinations-places-to-visit.html,1,2026-08-22,VERIFIED_TEXT_ONLY_NO_COORDS,MEDIUM,FALSE,FALSE,FALSE,FALSE,55
PL-03855,Parasnath Hill,Shikharji / Parasnath Hills,Jharkhand,JH,FALSE,Giridih,Giridih,CT-0518,Attraction,Buddhist & Jain,,Jain Pilgrimage Hill,Jain Pilgrimage & Trekking,"Spiritual Travelers,Adventure Seekers,History Lovers",FALSE,TRUE,TRUE,FALSE,FALSE,TRUE,TRUE,TRUE,TRUE,TRUE,TRUE,30,60,55,75,95,50,65,70,,,,,,,,,,Contact local authority,INR,1.5,October to March,"The highest peak in Jharkhand and the holiest pilgrimage site for Jains, known as Shikharji, where 20 of the 24 Jain Tirthankaras are believed to have attained moksha; the summit is reached via a demanding overnight trek.","Jharkhand's highest peak and holiest Jain pilgrimage site, Shikharji.",,,Web research (govt tourism / Incredible India / Wikipedia / reputable travel publishers),https://www.godigit.com/explore/tourist-attractions/best-tourist-places-in-jharkhand,1,2026-08-22,VERIFIED_TEXT_ONLY_NO_COORDS,MEDIUM,TRUE,TRUE,FALSE,FALSE,90
PL-03856,Majuli Island (Jorhat Access),Gibbon Wildlife Sanctuary Jorhat,Assam,AS,FALSE,Jorhat,Jorhat,CT-0519,Attraction,Nature & Wildlife,,Wildlife Sanctuary,Wildlife & Primate Conservation,"Nature Lovers,Adventure Seekers,Family",TRUE,TRUE,TRUE,TRUE,FALSE,TRUE,TRUE,FALSE,TRUE,TRUE,FALSE,50,60,55,50,20,80,40,55,,,,,,,,,,Contact local authority,INR,1.5,October to March,"A protected forest patch near Jorhat, one of the few sanctuaries in India dedicated to the hoolock gibbon, India's only ape species.","Sanctuary near Jorhat protecting the hoolock gibbon, India's only ape.",,,Web research (govt tourism / Incredible India / Wikipedia / reputable travel publishers),http://www.allindiatraveltours.org/north-east-india/assam.html,1,2026-08-22,VERIFIED_TEXT_ONLY_NO_COORDS,MEDIUM,FALSE,FALSE,FALSE,FALSE,55
PL-03857,Tocklai Tea Research Institute,Tocklai Tea Research Centre,Assam,AS,FALSE,Jorhat,Jorhat,CT-0519,Attraction,Cultural,,Tea Research Institute,Tea Heritage & Industry Tourism,"History Lovers,General Travelers,Photography Lovers",FALSE,TRUE,TRUE,FALSE,TRUE,TRUE,FALSE,FALSE,FALSE,TRUE,TRUE,40,60,55,40,20,50,55,45,,,,,,,,,,Contact local authority,INR,1.5,October to March,"The world's oldest and largest tea research station, located in Jorhat, offering insight into the science and history behind Assam's globally famous tea industry.","World's oldest tea research centre, showcasing Assam's tea heritage.",,,Web research (govt tourism / Incredible India / Wikipedia / reputable travel publishers),https://travelatlass.com/top-15-tourist-places-in-assam-discover-the-best-of-assam/,1,2026-08-22,VERIFIED_TEXT_ONLY_NO_COORDS,MEDIUM,FALSE,FALSE,FALSE,FALSE,55
PL-03858,Agnigarh Hill,"Agnigarh, Tezpur",Assam,AS,FALSE,Sonitpur,Tezpur,CT-0520,Attraction,Viewpoints,,Historic Hill & Mythology Site,Mythology & Scenic Views,"History Lovers,Couples,Photography Lovers",TRUE,TRUE,TRUE,TRUE,TRUE,TRUE,FALSE,FALSE,TRUE,TRUE,TRUE,50,65,55,40,20,50,60,70,,,,,,,,,,Contact local authority,INR,1.5,October to March,"A hillock on the banks of the Brahmaputra in Tezpur associated with the legendary romance of Usha and Aniruddha from Hindu mythology, now a landscaped viewpoint.",Mythology-linked riverside hill in Tezpur with landscaped viewpoints.,,,Web research (govt tourism / Incredible India / Wikipedia / reputable travel publishers),https://www.tripcrafters.com/travel/tourist-places-to-visit-in-assam,1,2026-08-22,VERIFIED_TEXT_ONLY_NO_COORDS,MEDIUM,FALSE,FALSE,FALSE,FALSE,55
PL-03859,Bamuni Hills,"Bamuni Hill Ruins, Tezpur",Assam,AS,FALSE,Sonitpur,Tezpur,CT-0520,Attraction,Archaeological,,Sculptural Ruins,9th-10th Century Heritage,"History Lovers,Photography Lovers,General Travelers",FALSE,TRUE,TRUE,FALSE,TRUE,TRUE,FALSE,FALSE,TRUE,TRUE,TRUE,35,60,55,40,20,50,75,60,,,,,,,,,,Contact local authority,INR,1.5,October to March,"Sculptural ruins near Tezpur dating to the 9th and 10th centuries, believed to be remnants of temples from the ancient Salastambha dynasty.",9th-10th century sculptural temple ruins near Tezpur.,,,Web research (govt tourism / Incredible India / Wikipedia / reputable travel publishers),http://www.allindiatraveltours.org/north-east-india/assam.html,1,2026-08-22,VERIFIED_TEXT_ONLY_NO_COORDS,MEDIUM,FALSE,FALSE,TRUE,FALSE,40
PL-03860,Cole Park (Chitralekha Udyan),Cole Park Tezpur,Assam,AS,FALSE,Sonitpur,Tezpur,CT-0520,Attraction,Parks & Gardens,,City Park,Leisure & Heritage Sculptures,"Family,Couples,Photography Lovers",TRUE,TRUE,TRUE,TRUE,TRUE,TRUE,FALSE,FALSE,TRUE,TRUE,FALSE,65,60,55,40,20,50,45,55,,,,,,,,,,Contact local authority,INR,1.5,October to March,"A landscaped park in Tezpur featuring ancient stone sculptures and two ornamental lakes, popular for evening walks.",Landscaped Tezpur park with ancient stone sculptures and lakes.,,,Web research (govt tourism / Incredible India / Wikipedia / reputable travel publishers),https://travelatlass.com/top-15-tourist-places-in-assam-discover-the-best-of-assam/,1,2026-08-22,VERIFIED_TEXT_ONLY_NO_COORDS,MEDIUM,FALSE,FALSE,FALSE,FALSE,55
PL-03861,Jokai Botanical Garden,Jokai Botanical Garden cum Germplasm Center,Assam,AS,FALSE,Dibrugarh,Dibrugarh,CT-0521,Attraction,Parks & Gardens,,Botanical Garden,Botany & Birdwatching,"Nature Lovers,Family,Photography Lovers",TRUE,TRUE,TRUE,TRUE,TRUE,TRUE,FALSE,FALSE,TRUE,TRUE,FALSE,60,60,55,40,20,75,40,55,,,,,,,,,,Contact local authority,INR,1.5,October to March,"A botanical garden and germplasm centre in the Jokai Reserve Forest near Dibrugarh, known for endangered plant species and migratory bird sightings, with boating facilities.",Botanical garden near Dibrugarh known for rare plants and migratory birds.,,,Web research (govt tourism / Incredible India / Wikipedia / reputable travel publishers),https://www.tourmyindia.com/states/assam/dibrugarh.html,1,2026-08-22,VERIFIED_TEXT_ONLY_NO_COORDS,MEDIUM,FALSE,FALSE,FALSE,FALSE,55
PL-03862,Digboi Oil Refinery and War Cemetery,Digboi Oil Museum,Assam,AS,FALSE,Tinsukia,Dibrugarh,CT-0521,Attraction,Heritage & Historical,,Industrial Heritage Site,Colonial & Industrial History,"History Lovers,General Travelers,Photography Lovers",FALSE,TRUE,TRUE,FALSE,TRUE,TRUE,FALSE,FALSE,TRUE,TRUE,TRUE,40,60,55,40,20,50,75,55,,,,,,,,,,Contact local authority,INR,1.5,October to March,"Home to Asia's first oil refinery, Digboi near Dibrugarh also holds a Commonwealth War Cemetery from World War II, alongside an oil museum documenting the region's petroleum history.","Site of Asia's first oil refinery, with a WWII war cemetery nearby.",,,Web research (govt tourism / Incredible India / Wikipedia / reputable travel publishers),https://travelatlass.com/top-15-tourist-places-in-assam-discover-the-best-of-assam/,1,2026-08-22,VERIFIED_TEXT_ONLY_NO_COORDS,MEDIUM,FALSE,FALSE,FALSE,FALSE,55
PL-03863,Khaspur Ruins,"Dimasa Kingdom Ruins, Silchar",Assam,AS,FALSE,Cachar,Silchar,CT-0522,Attraction,Archaeological,,Royal Ruins,Dimasa Kingdom Heritage,"History Lovers,Photography Lovers,General Travelers",FALSE,TRUE,TRUE,FALSE,TRUE,TRUE,FALSE,FALSE,TRUE,TRUE,TRUE,35,60,55,40,20,50,75,60,,,,,,,,,,Contact local authority,INR,1.5,October to March,"Ruins of the former capital of the Dimasa Kingdom near Silchar, including stone gateways and remnants of royal structures dating back several centuries.",Ruins of the former Dimasa Kingdom capital near Silchar.,,,Web research (govt tourism / Incredible India / Wikipedia / reputable travel publishers),https://travenjo.com/places-to-visit-in-assam/,1,2026-08-22,VERIFIED_TEXT_ONLY_NO_COORDS,MEDIUM,FALSE,FALSE,TRUE,FALSE,40
PL-03864,Badarpur Fort,"Badarpur Fort, Silchar",Assam,AS,FALSE,Karimganj,Silchar,CT-0522,Attraction,Forts & Palaces,,Historic Fort,Colonial & Legend Heritage,"History Lovers,Photography Lovers,General Travelers",FALSE,TRUE,TRUE,FALSE,TRUE,TRUE,FALSE,FALSE,TRUE,TRUE,TRUE,40,60,55,40,20,50,65,55,,,,,,,,,,Contact local authority,INR,1.5,October to March,"A historic fort near Silchar in the Barak Valley associated with local legends, alongside the nearby Maniharan tunnel, among the region's most visited heritage landmarks.",Historic Barak Valley fort near Silchar linked to local legends.,,,Web research (govt tourism / Incredible India / Wikipedia / reputable travel publishers),https://travenjo.com/places-to-visit-in-assam/,1,2026-08-22,VERIFIED_TEXT_ONLY_NO_COORDS,MEDIUM,FALSE,FALSE,FALSE,FALSE,55
PL-03865,Haflong Lake,Haflong Lake and Hills,Assam,AS,FALSE,Dima Hasao,Haflong,CT-0523,Attraction,Water & Lakes,,Hill Lake,Boating & Birdwatching,"Family,Nature Lovers,Couples",TRUE,TRUE,TRUE,TRUE,TRUE,TRUE,FALSE,FALSE,TRUE,TRUE,FALSE,65,60,55,40,20,75,40,65,,,,,,,,,,Contact local authority,INR,1.5,October to March,"A scenic natural lake in Haflong, Assam's only hill station, popular for boating and birdwatching amid the surrounding hills of Dima Hasao district.","Scenic lake in Assam's only hill station, popular for boating.",,,Web research (govt tourism / Incredible India / Wikipedia / reputable travel publishers),https://travelatlass.com/top-15-tourist-places-in-assam-discover-the-best-of-assam/,1,2026-08-22,VERIFIED_TEXT_ONLY_NO_COORDS,MEDIUM,FALSE,TRUE,FALSE,FALSE,70
PL-03866,Shanti Stupa,"Shanti Stupa, Leh",Ladakh,LA,TRUE,Leh,Leh,CT-0113,Attraction,Buddhist & Jain,,Buddhist Stupa,Buddhist Pilgrimage & Views,"Spiritual Travelers,Photography Lovers,Family",TRUE,TRUE,TRUE,TRUE,TRUE,TRUE,FALSE,TRUE,TRUE,TRUE,FALSE,55,60,55,40,80,50,45,90,,,,,,,,,,Contact local authority,INR,1.5,October to March,"A white-domed Buddhist stupa built in 1991 by Japanese monks on a hillock above Leh, commemorating 2,500 years of Buddhism and offering panoramic views of the Leh valley.","Japanese-built hilltop stupa overlooking Leh, marking 2,500 years of Buddhism.",,,Web research (govt tourism / Incredible India / Wikipedia / reputable travel publishers),https://ladakhexplorer.com/top-15-best-places-to-visit-in-leh-ladakh/,1,2026-08-22,VERIFIED_TEXT_ONLY_NO_COORDS,MEDIUM,TRUE,TRUE,FALSE,FALSE,90
PL-03867,Leh Palace,Lehchen Palkhar,Ladakh,LA,TRUE,Leh,Leh,CT-0113,Attraction,Forts & Palaces,,Royal Palace,Royal Heritage & Architecture,"History Lovers,Photography Lovers,General Travelers",FALSE,TRUE,TRUE,FALSE,TRUE,TRUE,FALSE,FALSE,TRUE,TRUE,TRUE,45,60,55,40,20,50,85,80,,,,,,,,,,Contact local authority,INR,1.5,October to March,"A nine-storey former royal palace built in the 17th century in the style of Tibet's Potala Palace, overlooking Leh town.","17th-century royal palace overlooking Leh, styled on Tibet's Potala Palace.",,,Web research (govt tourism / Incredible India / Wikipedia / reputable travel publishers),https://ladakhexplorer.com/top-15-best-places-to-visit-in-leh-ladakh/,1,2026-08-22,VERIFIED_TEXT_ONLY_NO_COORDS,MEDIUM,TRUE,TRUE,FALSE,FALSE,90
PL-03869,Hall of Fame Museum,"Hall of Fame War Museum, Leh",Ladakh,LA,TRUE,Leh,Leh,CT-0113,Attraction,Museums & Art,,Military Museum,Army & War History,"History Lovers,General Travelers,Family",TRUE,TRUE,TRUE,TRUE,TRUE,TRUE,FALSE,FALSE,FALSE,TRUE,TRUE,50,60,55,40,20,50,70,45,,,,,,,,,,Contact local authority,INR,1.5,October to March,"A museum built by the Indian Army near Leh, honouring soldiers who fought in the region's wars and displaying military artefacts and Ladakhi cultural exhibits.",Indian Army museum near Leh honouring soldiers of regional wars.,,,Web research (govt tourism / Incredible India / Wikipedia / reputable travel publishers),https://ladakhexplorer.com/top-15-best-places-to-visit-in-leh-ladakh/,1,2026-08-22,VERIFIED_TEXT_ONLY_NO_COORDS,MEDIUM,FALSE,FALSE,FALSE,FALSE,55
PL-03870,Spituk Monastery,Spituk Gompa,Ladakh,LA,TRUE,Leh,Leh,CT-0113,Attraction,Buddhist & Jain,,Buddhist Monastery,Buddhist Heritage & Views,"Spiritual Travelers,Photography Lovers,General Travelers",FALSE,TRUE,TRUE,FALSE,TRUE,TRUE,FALSE,TRUE,TRUE,TRUE,TRUE,40,60,55,40,70,50,55,70,,,,,,,,,,Contact local authority,INR,1.5,October to March,"An ancient monastery a few kilometres from Leh belonging to the Gelugpa sect, offering panoramic views of the Indus Valley and Leh airport runway.",Ancient Gelugpa-sect monastery near Leh with sweeping Indus Valley views.,,,Web research (govt tourism / Incredible India / Wikipedia / reputable travel publishers),https://www.ju-lehadventure.com/ladakh-information/places-to-visit-in-leh,1,2026-08-22,VERIFIED_TEXT_ONLY_NO_COORDS,MEDIUM,FALSE,FALSE,FALSE,FALSE,55
PL-03871,Alchi Monastery,Alchi Gompa,Ladakh,LA,TRUE,Leh,Leh,CT-0113,Attraction,Buddhist & Jain,,Ancient Monastery Complex,Buddhist Art & Architecture,"History Lovers,Spiritual Travelers,Photography Lovers",FALSE,TRUE,TRUE,FALSE,TRUE,TRUE,FALSE,TRUE,TRUE,TRUE,TRUE,35,60,55,40,75,50,90,80,,,,,,,,,,Contact local authority,INR,1.5,October to March,"The oldest monastery complex in Ladakh, unknown to outsiders until 1974, renowned as a centre of 11th-century Buddhist art with five temples depicting the Mahayana pantheon.","Ladakh's oldest monastery, renowned worldwide for its 11th-century Buddhist art.",,,Web research (govt tourism / Incredible India / Wikipedia / reputable travel publishers),https://www.incredibleindia.gov.in/en/ladakh/leh,1,2026-08-22,VERIFIED_TEXT_ONLY_NO_COORDS,MEDIUM,TRUE,FALSE,FALSE,FALSE,90
PL-03872,Tso Moriri Lake,Lake Moriri,Ladakh,LA,TRUE,Leh,Leh,CT-0113,Attraction,Water & Lakes,,High-altitude Lake,Scenic Lakes & Birdwatching,"Nature Lovers,Photography Lovers,Adventure Seekers",FALSE,TRUE,TRUE,FALSE,FALSE,TRUE,TRUE,FALSE,TRUE,TRUE,FALSE,30,60,55,60,20,90,40,85,,,,,,,,,,Contact local authority,INR,1.5,October to March,"A high-altitude lake at 4,600 m in the Changthang region, less crowded than Pangong Tso, ringed by rolling hills and popular for birdwatching.","Serene high-altitude Changthang lake, quieter than Pangong Tso.",,,Web research (govt tourism / Incredible India / Wikipedia / reputable travel publishers),https://www.incredibleindia.gov.in/en/ladakh/leh,1,2026-08-22,VERIFIED_TEXT_ONLY_NO_COORDS,MEDIUM,FALSE,TRUE,FALSE,FALSE,70
PL-03873,Lamayuru Monastery,Lamayuru Gompa,Ladakh,LA,TRUE,Leh,Leh,CT-0113,Attraction,Buddhist & Jain,,Ancient Monastery,Buddhist Heritage & Moonland Scenery,"History Lovers,Photography Lovers,Adventure Seekers",FALSE,TRUE,TRUE,FALSE,TRUE,TRUE,FALSE,TRUE,TRUE,TRUE,TRUE,30,60,55,45,60,50,80,85,,,,,,,,,,Contact local authority,INR,1.5,October to March,"One of Ladakh's oldest monasteries, set amid the eroded, moon-like landscape nicknamed 'Moonland', on the Leh-Srinagar highway.",Ancient monastery set within Ladakh's surreal moon-like 'Moonland' terrain.,,,Web research (govt tourism / Incredible India / Wikipedia / reputable travel publishers),https://ladakhexplorer.com/top-15-best-places-to-visit-in-leh-ladakh/,1,2026-08-22,VERIFIED_TEXT_ONLY_NO_COORDS,MEDIUM,FALSE,FALSE,TRUE,FALSE,40
PL-03874,Zanskar Valley,Zanskar Valley Trek Region,Ladakh,LA,TRUE,Kargil,Leh,CT-0113,Attraction,Adventure,,Remote Valley,Trekking & River Rafting,"Adventure Seekers,Nature Lovers,Photography Lovers",FALSE,TRUE,TRUE,FALSE,FALSE,TRUE,TRUE,FALSE,TRUE,TRUE,FALSE,20,60,55,90,20,85,40,80,,,,,,,,,,Contact local authority,INR,1.5,October to March,"A remote, high-altitude valley between the Great Himalayan and Zanskar ranges, popular for trekking, white-water rafting on the Zanskar River, and, in winter, the frozen Chadar trek.",Remote high-altitude valley famed for trekking and white-water rafting.,,,Web research (govt tourism / Incredible India / Wikipedia / reputable travel publishers),https://discoverlehladakh.in/10-offbeat-places-in-leh-ladakh,1,2026-08-22,VERIFIED_TEXT_ONLY_NO_COORDS,MEDIUM,FALSE,FALSE,FALSE,FALSE,55
PL-03879,Thinnakara Island,Thinnakara Atoll,Lakshadweep,LD,TRUE,Lakshadweep,Bangaram Island,CT-0507,Attraction,Beach & Coastal,,Uninhabited Atoll,Secluded Beaches & Snorkelling,"Couples,Nature Lovers,Adventure Seekers",FALSE,TRUE,TRUE,FALSE,FALSE,TRUE,TRUE,FALSE,TRUE,TRUE,FALSE,30,70,55,65,20,85,40,80,,,,,,,,,,Contact local authority,INR,1.5,October to March,"An uninhabited islet near Bangaram in Lakshadweep, reachable by boat, prized for its untouched beaches and clear snorkelling waters.","Uninhabited islet near Bangaram, prized for untouched beaches and snorkelling.",,,Web research (govt tourism / Incredible India / Wikipedia / reputable travel publishers),https://www.dizcoverpraveg.com/15-places-to-visit-in-lakshadweep-a-detailed-guide,1,2026-08-22,VERIFIED_TEXT_ONLY_NO_COORDS,MEDIUM,FALSE,FALSE,TRUE,FALSE,40
