city_id,city_name,state,district,tourist_place_count,coverage_status
CT-0001,Baratang Island,Andaman and Nicobar Islands,,1,NEEDS_EXTENSIVE_RESEARCH
CT-0002,Havelock Island,Andaman and Nicobar Islands,,1,NEEDS_EXTENSIVE_RESEARCH
CT-0003,Neil Island,Andaman and Nicobar Islands,,1,NEEDS_EXTENSIVE_RESEARCH
CT-0004,Port Blair,Andaman and Nicobar Islands,Andamans,1,NEEDS_EXTENSIVE_RESEARCH
CT-0006,Anantapur,Andhra Pradesh,Anantapur,1,NEEDS_EXTENSIVE_RESEARCH
CT-0007,Guntur,Andhra Pradesh,Guntur,1,NEEDS_EXTENSIVE_RESEARCH
CT-0008,Kadapa,Andhra Pradesh,,1,NEEDS_EXTENSIVE_RESEARCH
CT-0009,Kurnool,Andhra Pradesh,Kurnool,1,NEEDS_EXTENSIVE_RESEARCH
CT-0010,Puttaparthi,Andhra Pradesh,,1,NEEDS_EXTENSIVE_RESEARCH
CT-0011,Rajahmundry,Andhra Pradesh,East Godavari,1,NEEDS_EXTENSIVE_RESEARCH
CT-0012,Srisailam,Andhra Pradesh,,1,NEEDS_EXTENSIVE_RESEARCH
CT-0016,Vizianagaram,Andhra Pradesh,Vizianagaram,1,NEEDS_EXTENSIVE_RESEARCH
CT-0019,Tawang,Arunachal Pradesh,Tawang,1,NEEDS_EXTENSIVE_RESEARCH
CT-0021,Hajo,Assam,,1,NEEDS_EXTENSIVE_RESEARCH
CT-0022,Kaziranga,Assam,,1,NEEDS_EXTENSIVE_RESEARCH
CT-0023,Kaziranga National Park,Assam,,1,NEEDS_EXTENSIVE_RESEARCH
CT-0024,Majuli,Assam,,1,NEEDS_EXTENSIVE_RESEARCH
CT-0025,Manas,Assam,,1,NEEDS_EXTENSIVE_RESEARCH
CT-0026,Sivasagar,Assam,,1,NEEDS_EXTENSIVE_RESEARCH
CT-0029,Bastar,Chhattisgarh,,1,NEEDS_EXTENSIVE_RESEARCH
CT-0032,New Delhi,Delhi,,1,NEEDS_EXTENSIVE_RESEARCH
CT-0036,Bhuj,Gujarat,Kachchh,1,NEEDS_EXTENSIVE_RESEARCH
CT-0037,Dwarka,Gujarat,Jamnagar,1,NEEDS_EXTENSIVE_RESEARCH
CT-0038,Gandhinagar,Gujarat,Gandhinagar,1,NEEDS_EXTENSIVE_RESEARCH
CT-0039,Junagadh,Gujarat,Junagadh,1,NEEDS_EXTENSIVE_RESEARCH
CT-0040,Kevadia,Gujarat,,1,NEEDS_EXTENSIVE_RESEARCH
CT-0041,Rann of Kutch,Gujarat,,1,NEEDS_EXTENSIVE_RESEARCH
CT-0042,Somnath,Gujarat,,1,NEEDS_EXTENSIVE_RESEARCH
CT-0048,Barot,Himachal Pradesh,,1,NEEDS_EXTENSIVE_RESEARCH
CT-0049,Bir Billing,Himachal Pradesh,,1,NEEDS_EXTENSIVE_RESEARCH
CT-0050,Chamba,Himachal Pradesh,Chamba,1,NEEDS_EXTENSIVE_RESEARCH
CT-0051,dalhousie,Himachal Pradesh,Chamba,1,NEEDS_EXTENSIVE_RESEARCH
CT-0052,Kangra,Himachal Pradesh,Kangra,1,NEEDS_EXTENSIVE_RESEARCH
CT-0054,Kinnaur,Himachal Pradesh,,1,NEEDS_EXTENSIVE_RESEARCH
CT-0055,Kufri,Himachal Pradesh,,1,NEEDS_EXTENSIVE_RESEARCH
CT-0056,Kullu,Himachal Pradesh,Kullu,1,NEEDS_EXTENSIVE_RESEARCH
CT-0058,Mandi,Himachal Pradesh,Mandi,1,NEEDS_EXTENSIVE_RESEARCH
CT-0059,Manikaran,Himachal Pradesh,,1,NEEDS_EXTENSIVE_RESEARCH
CT-0060,McLeod Ganj,Himachal Pradesh,,1,NEEDS_EXTENSIVE_RESEARCH
CT-0062,Narkanda,Himachal Pradesh,Shimla,1,NEEDS_EXTENSIVE_RESEARCH
CT-0063,Palampur,Himachal Pradesh,Kangra,1,NEEDS_EXTENSIVE_RESEARCH
CT-0065,Shoja,Himachal Pradesh,,1,NEEDS_EXTENSIVE_RESEARCH
CT-0066,Spiti Valley,Himachal Pradesh,,1,NEEDS_EXTENSIVE_RESEARCH
CT-0067,Anantnag,Jammu and Kashmir,Anantnag,1,NEEDS_EXTENSIVE_RESEARCH
CT-0070,Kishtwar,Jammu and Kashmir,Doda,1,NEEDS_EXTENSIVE_RESEARCH
CT-0071,Pahalgam,Jammu and Kashmir,Anantnag,1,NEEDS_EXTENSIVE_RESEARCH
CT-0073,Udhampur,Jammu and Kashmir,Udhampur,1,NEEDS_EXTENSIVE_RESEARCH
CT-0074,Deoghar,Jharkhand,Deoghar,1,NEEDS_EXTENSIVE_RESEARCH
CT-0078,Badami,Karnataka,Bagalkot,1,NEEDS_EXTENSIVE_RESEARCH
CT-0079,Bandipur,Karnataka,,1,NEEDS_EXTENSIVE_RESEARCH
CT-0081,Bengaluru,Karnataka,,1,NEEDS_EXTENSIVE_RESEARCH
CT-0082,Bijapur,Karnataka,Bijapur,1,NEEDS_EXTENSIVE_RESEARCH
CT-0083,Chikmagalur,Karnataka,Chikmagalur,1,NEEDS_EXTENSIVE_RESEARCH
CT-0085,Gokarna,Karnataka,,1,NEEDS_EXTENSIVE_RESEARCH
CT-0086,Halebidu,Karnataka,,1,NEEDS_EXTENSIVE_RESEARCH
CT-0089,Mangalore,Karnataka,Dakshina Kannada,1,NEEDS_EXTENSIVE_RESEARCH
CT-0090,Murudeshwar,Karnataka,,1,NEEDS_EXTENSIVE_RESEARCH
CT-0092,Shivamogga,Karnataka,,1,NEEDS_EXTENSIVE_RESEARCH
CT-0094,Alappuzha,Kerala,Alappuzha,1,NEEDS_EXTENSIVE_RESEARCH
CT-0095,Bekal,Kerala,,1,NEEDS_EXTENSIVE_RESEARCH
CT-0096,Kannur,Kerala,Kannur,1,NEEDS_EXTENSIVE_RESEARCH
CT-0097,Kerala Backwaters,Kerala,,1,NEEDS_EXTENSIVE_RESEARCH
CT-0100,Kozhikode,Kerala,Kozhikode,1,NEEDS_EXTENSIVE_RESEARCH
CT-0101,Kumarakom,Kerala,,1,NEEDS_EXTENSIVE_RESEARCH
CT-0103,Nelliyampathy,Kerala,,1,NEEDS_EXTENSIVE_RESEARCH
CT-0104,Thekkady,Kerala,,1,NEEDS_EXTENSIVE_RESEARCH
CT-0109,Diskit,Ladakh,,1,NEEDS_EXTENSIVE_RESEARCH
CT-0110,Dras,Ladakh,,1,NEEDS_EXTENSIVE_RESEARCH
CT-0111,Hemis,Ladakh,,1,NEEDS_EXTENSIVE_RESEARCH
CT-0112,Kargil,Ladakh,Kargil,1,NEEDS_EXTENSIVE_RESEARCH
CT-0114,Nubra Valley,Ladakh,,1,NEEDS_EXTENSIVE_RESEARCH
CT-0115,Amarkantak,Madhya Pradesh,Shahdol,1,NEEDS_EXTENSIVE_RESEARCH
CT-0116,Bandhavgarh,Madhya Pradesh,,1,NEEDS_EXTENSIVE_RESEARCH
CT-0117,Bhimbetka,Madhya Pradesh,,1,NEEDS_EXTENSIVE_RESEARCH
CT-0119,Chitrakoot,Madhya Pradesh,Satna,1,NEEDS_EXTENSIVE_RESEARCH
CT-0122,Jabalpur,Madhya Pradesh,Jabalpur,1,NEEDS_EXTENSIVE_RESEARCH
CT-0123,Kanha,Madhya Pradesh,,1,NEEDS_EXTENSIVE_RESEARCH
CT-0125,Mandu,Madhya Pradesh,,1,NEEDS_EXTENSIVE_RESEARCH
CT-0126,Orchha,Madhya Pradesh,,1,NEEDS_EXTENSIVE_RESEARCH
CT-0129,Ajanta,Maharashtra,,1,NEEDS_EXTENSIVE_RESEARCH
CT-0144,Tarkarli,Maharashtra,,1,NEEDS_EXTENSIVE_RESEARCH
CT-0149,Balasore,Odisha,,1,NEEDS_EXTENSIVE_RESEARCH
CT-0150,Berhampur,Odisha,,1,NEEDS_EXTENSIVE_RESEARCH
CT-0152,Chilika,Odisha,,1,NEEDS_EXTENSIVE_RESEARCH
CT-0153,Cuttack,Odisha,Cuttack,1,NEEDS_EXTENSIVE_RESEARCH
CT-0154,Kendujhar,Odisha,Kendujhar,1,NEEDS_EXTENSIVE_RESEARCH
CT-0155,Keonjhar,Odisha,,1,NEEDS_EXTENSIVE_RESEARCH
CT-0156,Konark,Odisha,Puri,1,NEEDS_EXTENSIVE_RESEARCH
CT-0158,Rourkela,Odisha,,1,NEEDS_EXTENSIVE_RESEARCH
CT-0159,Sambalpur,Odisha,Sambalpur,1,NEEDS_EXTENSIVE_RESEARCH
CT-0160,Auroville,Puducherry,,1,NEEDS_EXTENSIVE_RESEARCH
CT-0174,Sawai Madhopur,Rajasthan,Sawai Madhopur,1,NEEDS_EXTENSIVE_RESEARCH
CT-0177,Namchi,Sikkim,South,1,NEEDS_EXTENSIVE_RESEARCH
CT-0178,Pelling,Sikkim,,1,NEEDS_EXTENSIVE_RESEARCH
CT-0179,Ravangla,Sikkim,,1,NEEDS_EXTENSIVE_RESEARCH
CT-0182,Chidambaram,Tamil Nadu,Cuddalore,1,NEEDS_EXTENSIVE_RESEARCH
CT-0193,Pichavaram,Tamil Nadu,,1,NEEDS_EXTENSIVE_RESEARCH
CT-0197,Tirunelveli,Tamil Nadu,Tirunelveli,1,NEEDS_EXTENSIVE_RESEARCH
CT-0198,Tiruvannamalai,Tamil Nadu,Tiruvanamalai,1,NEEDS_EXTENSIVE_RESEARCH
CT-0200,Yelagiri,Tamil Nadu,,1,NEEDS_EXTENSIVE_RESEARCH
CT-0204,Dumboor,Tripura,,1,NEEDS_EXTENSIVE_RESEARCH
CT-0205,Unakoti,Tripura,,1,NEEDS_EXTENSIVE_RESEARCH
CT-0211,Andaman Islands,,,1,NEEDS_EXTENSIVE_RESEARCH
CT-0234,Aligarh,Uttar Pradesh,Aligarh,1,NEEDS_EXTENSIVE_RESEARCH
CT-0235,Allahabad,Uttar Pradesh,Allahabad ,1,NEEDS_EXTENSIVE_RESEARCH
CT-0236,Ayodhya,Uttar Pradesh,Faizabad,1,NEEDS_EXTENSIVE_RESEARCH
CT-0238,Fatehpur Sikri,Uttar Pradesh,Agra,1,NEEDS_EXTENSIVE_RESEARCH
CT-0240,Jhansi,Uttar Pradesh,Jhansi,1,NEEDS_EXTENSIVE_RESEARCH
CT-0241,Kanpur,Uttar Pradesh,Kanpur Nagar,1,NEEDS_EXTENSIVE_RESEARCH
CT-0247,Porbandar,Uttar Pradesh,Porbandar,1,NEEDS_EXTENSIVE_RESEARCH
CT-0248,Sarnath,Uttar Pradesh,,1,NEEDS_EXTENSIVE_RESEARCH
CT-0249,Taj Mahal,Uttar Pradesh,,1,NEEDS_EXTENSIVE_RESEARCH
CT-0254,Badrinath,Uttarakhand,,1,NEEDS_EXTENSIVE_RESEARCH
CT-0255,Chopta,Uttarakhand,,1,NEEDS_EXTENSIVE_RESEARCH
CT-0258,Jim Corbett,Uttarakhand,,1,NEEDS_EXTENSIVE_RESEARCH
CT-0259,Joshimath,Uttarakhand,Chamoli,1,NEEDS_EXTENSIVE_RESEARCH
CT-0260,Kedarnath,Uttarakhand,Rudraprayag,1,NEEDS_EXTENSIVE_RESEARCH
CT-0264,Ranikhet,Uttarakhand,Almora,1,NEEDS_EXTENSIVE_RESEARCH
CT-0266,Uttarkashi,Uttarakhand,Uttarkashi,1,NEEDS_EXTENSIVE_RESEARCH
CT-0267,Bolpur,West Bengal,Birbhum,1,NEEDS_EXTENSIVE_RESEARCH
CT-0268,Cooch Behar,West Bengal,,1,NEEDS_EXTENSIVE_RESEARCH
CT-0271,Hooghly,West Bengal,,1,NEEDS_EXTENSIVE_RESEARCH
CT-0272,Jalpaiguri,West Bengal,Jalpaiguri ,1,NEEDS_EXTENSIVE_RESEARCH
CT-0275,Murshidabad,West Bengal,Murshidabad ,1,NEEDS_EXTENSIVE_RESEARCH
CT-0276,Purulia,West Bengal,,1,NEEDS_EXTENSIVE_RESEARCH
CT-0277,Siliguri,West Bengal,Darjiling and Jalpaiguri,1,NEEDS_EXTENSIVE_RESEARCH
CT-0278,Sundarbans,West Bengal,,1,NEEDS_EXTENSIVE_RESEARCH
CT-0030,Diu,Dadra and Nagar Haveli and Daman and Diu,Diu,2,NEEDS_EXTENSIVE_RESEARCH
CT-0165,Ludhiana,Punjab,Ludhiana,2,NEEDS_EXTENSIVE_RESEARCH
CT-0005,Amravati,Andhra Pradesh,Amravati,3,NEEDS_EXTENSIVE_RESEARCH
CT-0014,Vijayawada,Andhra Pradesh,Krishna,3,NEEDS_EXTENSIVE_RESEARCH
CT-0017,Warangal,Andhra Pradesh,Warangal,3,NEEDS_EXTENSIVE_RESEARCH
CT-0018,Itanagar,Arunachal Pradesh,Papum Pare,3,NEEDS_EXTENSIVE_RESEARCH
CT-0034,Panaji,Goa,North Goa ,3,NEEDS_EXTENSIVE_RESEARCH
CT-0043,Surat,Gujarat,Surat,3,NEEDS_EXTENSIVE_RESEARCH
CT-0044,Vadodara,Gujarat,Vadodara,3,NEEDS_EXTENSIVE_RESEARCH
CT-0045,Faridabad,Haryana,Faridabad,3,NEEDS_EXTENSIVE_RESEARCH
CT-0046,Gurgaon,Haryana,Gurgaon,3,NEEDS_EXTENSIVE_RESEARCH
CT-0047,Gurugram,Haryana,,3,NEEDS_EXTENSIVE_RESEARCH
CT-0075,Dhanbad,Jharkhand,Dhanbad,3,NEEDS_EXTENSIVE_RESEARCH
CT-0076,Jamshedpur,Jharkhand,Purbi Singhbhum,3,NEEDS_EXTENSIVE_RESEARCH
CT-0105,Thiruvananthapuram,Kerala,,3,NEEDS_EXTENSIVE_RESEARCH
CT-0121,Indore,Madhya Pradesh,Indore,3,NEEDS_EXTENSIVE_RESEARCH
CT-0132,Kolhapur,Maharashtra,Kolhapur,3,NEEDS_EXTENSIVE_RESEARCH
CT-0133,Latur,Maharashtra,Latur,3,NEEDS_EXTENSIVE_RESEARCH
CT-0137,Nagpur,Maharashtra,Nagpur,3,NEEDS_EXTENSIVE_RESEARCH
CT-0140,Ratnagiri,Maharashtra,Ratnagiri,3,NEEDS_EXTENSIVE_RESEARCH
CT-0141,Satara,Maharashtra,Satara,3,NEEDS_EXTENSIVE_RESEARCH
CT-0143,Solapur,Maharashtra,Solapur,3,NEEDS_EXTENSIVE_RESEARCH
CT-0145,Imphal,Manipur,Imphal West & Imphal East,3,NEEDS_EXTENSIVE_RESEARCH
CT-0147,Shillong,Meghalaya,East Khasi Hills,3,NEEDS_EXTENSIVE_RESEARCH
CT-0148,Aizawl,Mizoram,Aizawl,3,NEEDS_EXTENSIVE_RESEARCH
CT-0162,Puducherry,Puducherry,,3,NEEDS_EXTENSIVE_RESEARCH
CT-0184,Courtallam,Tamil Nadu,,3,NEEDS_EXTENSIVE_RESEARCH
CT-0199,Vellore,Tamil Nadu,Vellore,3,NEEDS_EXTENSIVE_RESEARCH
CT-0206,Ahilyanagar,,,3,NEEDS_EXTENSIVE_RESEARCH
CT-0209,Amarnath,,,3,NEEDS_EXTENSIVE_RESEARCH
CT-0212,Chhatrapati Sambhajinagar,,,3,NEEDS_EXTENSIVE_RESEARCH
CT-0214,Hubli,,,3,NEEDS_EXTENSIVE_RESEARCH
CT-0223,Nanded,,,3,NEEDS_EXTENSIVE_RESEARCH
CT-0225,Raigad,,,3,NEEDS_EXTENSIVE_RESEARCH
CT-0228,Sangli,,,3,NEEDS_EXTENSIVE_RESEARCH
CT-0230,Sindhudurg,,,3,NEEDS_EXTENSIVE_RESEARCH
CT-0231,Trichy,,,3,NEEDS_EXTENSIVE_RESEARCH
CT-0237,Bareilly,Uttar Pradesh,Bareilly,3,NEEDS_EXTENSIVE_RESEARCH
CT-0239,Ghaziabad,Uttar Pradesh,Ghaziabad,3,NEEDS_EXTENSIVE_RESEARCH
CT-0244,Meerut,Uttar Pradesh,Meerut,3,NEEDS_EXTENSIVE_RESEARCH
CT-0245,Moradabad,Uttar Pradesh,Moradabad,3,NEEDS_EXTENSIVE_RESEARCH
CT-0246,Noida,Uttar Pradesh,Gautam Buddha Nagar,3,NEEDS_EXTENSIVE_RESEARCH
CT-0263,Raipur,Uttarakhand,Dehradun,3,NEEDS_EXTENSIVE_RESEARCH
CT-0077,Ranchi,Jharkhand,Ranchi,4,NEEDS_EXTENSIVE_RESEARCH
CT-0113,Leh,Ladakh,Leh (Ladakh),4,NEEDS_EXTENSIVE_RESEARCH
CT-0118,Bhopal,Madhya Pradesh,Bhopal,4,NEEDS_EXTENSIVE_RESEARCH
CT-0020,Guwahati,Assam,Kamrup,5,NEEDS_RESEARCH
CT-0186,Kanchipuram,Tamil Nadu,,5,NEEDS_RESEARCH
CT-0219,Lavasa,,,5,NEEDS_RESEARCH
CT-0028,Patna,Bihar,Patna,6,NEEDS_RESEARCH
CT-0181,Chettinad,Tamil Nadu,,6,NEEDS_RESEARCH
CT-0232,Vaishno Devi,,,6,NEEDS_RESEARCH
CT-0270,Digha,West Bengal,,6,NEEDS_RESEARCH
CT-0196,Tiruchirappalli,Tamil Nadu,Tiruchirappalli,7,NEEDS_RESEARCH
CT-0185,Hogenakkal,Tamil Nadu,,8,NEEDS_RESEARCH
CT-0190,Mahabalipuram,Tamil Nadu,,8,NEEDS_RESEARCH
CT-0192,Ooty (Udhagamandalam),Tamil Nadu,,8,NEEDS_RESEARCH
CT-0194,Rameswaram,Tamil Nadu,Ramanathapuram,8,NEEDS_RESEARCH
CT-0201,Yercaud,Tamil Nadu,,8,NEEDS_RESEARCH
CT-0224,Poovar,,,8,NEEDS_RESEARCH
