place_id,state_id,city_id,state_name,city_name,place_name,alternate_names,place_type,description,short_description,latitude,longitude,address,google_maps_url,rating,review_count,best_time_to_visit,estimated_visit_duration_hours,opening_time,closing_time,entry_fee,currency,price_level,budget_level,category,subcategory,secondary_categories,accessibility,difficulty_level,family_friendly,couple_friendly,kids_friendly,elderly_friendly,photography_allowed,parking_available,nearest_landmark,nearest_airport,nearest_railway_station,distance_from_city_center_km,is_popular,is_hidden,is_offbeat,is_featured,recommended_for,tags,source_id
PL-0001,ST-33,CT-0001,Tamil Nadu,Chennai,Government Museum Chennai,,Museum,,,13.069764,80.257036,"Pantheon Rd, Egmore, Chennai, Tamil Nadu 600008",https://www.google.com/maps/place/?q=place_id:ChIJ-4qb8w5mUjoRNhwcE3v6B5U,4.3,20085,,,,,,INR,,,History,Museum,,Unknown,Unknown,,,,,,,,,,,True,False,False,True,"History Lovers,Photography","museum,history_museum,art_museum",SRC-0001
PL-0002,ST-33,CT-0001,Tamil Nadu,Chennai,Marina Beach,,Beach,One of the longest urban beaches in the world,One of the longest urban beaches in the world,13.047126,80.282434,"Marina Beach, Triplicane, Chennai, Tamil Nadu 600005",https://www.google.com/maps/place/?q=place_id:ChIJOUzl29xpUjoRC6lritlWRqM,4.4,23842,,,,,,INR,,,Beach,Beach,,Unknown,Unknown,,,,,,,,,,,True,False,False,True,"Couples,Family,Photography",,SRC-0002
PL-0003,ST-33,CT-0001,Tamil Nadu,Chennai,Fort St. George Museum,,Museum,,,13.080638,80.287619,"Rajaji Rd, Fort St George, Chennai, Tamil Nadu 600009",https://www.google.com/maps/place/?q=place_id:ChIJlVHnD61oUjoR_ZKcRDdK_0w,4.3,6245,,,,,,INR,,,History,Museum,,Unknown,Unknown,,,,,,,,,,,True,False,False,False,"History Lovers,Photography","museum,history_museum",SRC-0003
PL-0004,ST-33,CT-0001,Tamil Nadu,Chennai,Guindy National Park,,National Park,One of the few national parks located within a city,One of the few national parks located within a city,13.004925,80.237873,"Rangeguindy, Chennai, Tamil Nadu 600022",https://www.google.com/maps/place/?q=place_id:ChIJ82Efv3lnUjoRjSaF7VXwq-o,4.1,28325,,,,,,INR,,,Wildlife,National Park,,Unknown,Unknown,,,,,,,,,,,True,False,False,True,"Family,Nature Lovers","national_park,park",SRC-0004
PL-0005,ST-33,CT-0001,Tamil Nadu,Chennai,Snow Kingdom,,Adventure Park,,,12.913309,80.251341,"SH 49, Injambakkam, Chennai, Tamil Nadu 600115",https://www.google.com/maps/place/?q=place_id:ChIJoeVgAZdcUjoRU8iNNuLYHW4,4.7,37535,,,,,,INR,,,Entertainment,Adventure Park,,Unknown,Unknown,,,,,,,,,,,True,False,False,True,"Family,Kids",amusement_park,SRC-0005
PL-0006,ST-33,CT-0001,Tamil Nadu,Chennai,Adyar Banyan Tree,,Nature Spot,Over 450-year-old banyan tree; visitor access restricted,Over 450-year-old banyan tree; visitor access restricted,13.010276,80.268307,"Theosophical Society, Besant Nagar, Chennai, Tamil Nadu 600020",https://www.google.com/maps/place/?q=place_id:ChIJndbFV-ZnUjoRk46rcbQWXnc,4.3,612,,,,,,INR,,,Nature,Nature Spot,,Unknown,Unknown,,,,,,,,,,,False,False,False,False,"Nature Lovers,Photography",,SRC-0006
PL-0007,ST-33,CT-0001,Tamil Nadu,Chennai,Chennai Snake Park,,Zoo,,,13.003379,80.238636,"Raj Bhavan post, Guindy National Park, Chennai, Tamil Nadu 600022",https://www.google.com/maps/place/?q=place_id:ChIJU3TYU3FnUjoRB-aq_tlGV7Q,4.1,13349,,,,,,INR,,,Wildlife,Zoo,,Unknown,Unknown,,,,,,,,,,,True,False,False,False,"Family,Nature Lovers","zoo,park",SRC-0007
PL-0008,ST-33,CT-0001,Tamil Nadu,Chennai,Chennai Lighthouse,,Lighthouse,,,13.039735,80.279298,"Marina Beach Road, Mylapore, Chennai, Tamil Nadu 600004",https://www.google.com/maps/place/?q=place_id:ChIJ5dptVYBoUjoRCQL97Hq9F1w,4.5,21316,,,,,,INR,,,Architecture,Lighthouse,,Unknown,Unknown,,,,,,,,,,,True,False,False,True,"Photography,History Lovers",museum,SRC-0008
PL-0009,ST-33,CT-0001,Tamil Nadu,Chennai,VGP Universal Kingdom,,Adventure Park,,,12.914221,80.250524,"SH 49, Injambakkam, Chennai, Tamil Nadu 600115",https://www.google.com/maps/place/?q=place_id:ChIJNYWlz-dcUjoRLx2FG0jgw5Y,4.0,41110,,,,,,INR,,,Entertainment,Adventure Park,,Unknown,Unknown,,,,,,,,,,,True,False,False,True,"Family,Kids","amusement_park,water_park",SRC-0009
PL-0010,ST-33,CT-0001,Tamil Nadu,Chennai,Marina Beach Point (Southern Stretch),,Beach,Alternate access point on Marina Beach,Alternate access point on Marina Beach,13.05519,80.28471,"Marina Beach Road, Triplicane, Chennai, Tamil Nadu 600005",https://www.google.com/maps/place/?q=place_id:ChIJIcgQ7rBpUjoRddTIPRpYyfA,4.4,403,,,,,,INR,,,Beach,Beach,,Unknown,Unknown,,,,,,,,,,,False,False,False,False,"Couples,Family,Photography",,SRC-0010
PL-0011,ST-33,CT-0002,Tamil Nadu,Madurai,Gandhi Memorial Museum,,Museum,,,9.929948,78.138385,"Collector Office Rd, Alwarpuram, Madurai, Tamil Nadu 625020",https://www.google.com/maps/place/?q=place_id:ChIJbQvbHLzFADsRh3MOwOrofDw,4.2,6817,,,,,,INR,,,History,Museum,,Unknown,Unknown,,,,,,,,,,,True,False,False,False,"History Lovers,Photography",museum,SRC-0011
PL-0012,ST-33,CT-0002,Tamil Nadu,Madurai,Arulmigu Koodal Azhagar Temple,,Temple,One of 108 Divya Desams dedicated to Vishnu,One of 108 Divya Desams dedicated to Vishnu,9.91438,78.113549,"Koodal Alagar Perumal Koil Street, Madurai, Tamil Nadu 625001",https://www.google.com/maps/place/?q=place_id:ChIJUZYrS4DFADsRZgiZpxfy9-o,4.7,12079,,,,,,INR,,,Religious,Temple,,Unknown,Unknown,,,,,,,,,,,True,False,False,False,"Spiritual Travelers,History Lovers","hindu_temple,place_of_worship",SRC-0012
PL-0013,ST-33,CT-0002,Tamil Nadu,Madurai,Meenakshi Amman Temple,,Temple,UNESCO-recognised heritage temple with 14 gopurams; cultural heart of Madurai,UNESCO-recognised heritage temple with 14 gopurams; cultural heart of Madurai,9.919505,78.119342,"Madurai Main, Madurai, Tamil Nadu 625001",https://www.google.com/maps/place/?q=place_id:ChIJh2nkYYTFADsRA2co5RxiNPE,4.7,88761,,,,,,INR,,,Religious,Temple,,Unknown,Unknown,,,,,,,,,,,True,False,False,True,"Spiritual Travelers,History Lovers","hindu_temple,place_of_worship",SRC-0013
PL-0014,ST-33,CT-0002,Tamil Nadu,Madurai,Shri Koodal Azhagar Perumal Temple Tower,,Temple,,,9.914404,78.113411,"Koodal Alagar Perumal Koil St, Madurai, Tamil Nadu 625001",https://www.google.com/maps/place/?q=place_id:ChIJ068SBS_FADsRa-MMt3Nr1eA,4.5,42,,,,,,INR,,,Religious,Temple,,Unknown,Unknown,,,,,,,,,,,False,False,False,False,"Spiritual Travelers,History Lovers",,SRC-0014
PL-0015,ST-33,CT-0002,Tamil Nadu,Madurai,Kazimar Big Mosque,,Mosque,12th-century mosque,12th-century mosque,9.912815,78.114229,"Kazimar St, Madurai, Tamil Nadu 625001",https://www.google.com/maps/place/?q=place_id:ChIJO3fQ14HFADsRlDREgXkt9ps,4.6,421,,,,,,INR,,,Religious,Mosque,,Unknown,Unknown,,,,,,,,,,,False,False,False,False,"Spiritual Travelers,History Lovers","mosque,place_of_worship",SRC-0015
PL-0016,ST-33,CT-0002,Tamil Nadu,Madurai,"Samanar Hill, Keelakuyilkudi",,Archaeological Site,Ancient Jain caves and stone beds over 2000 years old; short trek to summit,Ancient Jain caves and stone beds over 2000 years old; short trek to summit,9.922194,78.048993,"Kilakuyilkudi, Vadivelkarai, Tamil Nadu 625019",https://www.google.com/maps/place/?q=place_id:ChIJ-_hi5u3OADsR4qZH98sX6gw,4.6,1840,,,,,,INR,,,Heritage,Archaeological Site,,Unknown,Unknown,,,,,,,,,,,True,False,False,False,"History Lovers,Photography","historical_landmark,hindu_temple,historical_place",SRC-0016
PL-0017,ST-33,CT-0002,Tamil Nadu,Madurai,Arulmigu Immaiyilum Nanmai Tharuvar Temple,,Temple,One of Madurai's Pancha Bootha Thalams (earth element),One of Madurai's Pancha Bootha Thalams (earth element),9.915794,78.114535,"Arisekara St, Madurai, Tamil Nadu 625001",https://www.google.com/maps/place/?q=place_id:ChIJ54x0C4HFADsRFFK2m9pDm_0,4.7,6112,,,,,,INR,,,Religious,Temple,,Unknown,Unknown,,,,,,,,,,,True,False,False,False,"Spiritual Travelers,History Lovers","hindu_temple,place_of_worship",SRC-0017
PL-0018,ST-33,CT-0002,Tamil Nadu,Madurai,Shri Madurai Veeran Swamy Temple,,Temple,,,9.919493,78.119343,"E Chitrai St, Madurai, Tamil Nadu 625001",https://www.google.com/maps/place/?q=place_id:ChIJ19XWlYTFADsREvqcrCqZhB8,4.6,93,,,,,,INR,,,Religious,Temple,,Unknown,Unknown,,,,,,,,,,,False,False,False,False,"Spiritual Travelers,History Lovers","hindu_temple,place_of_worship",SRC-0018
PL-0019,ST-33,CT-0003,Tamil Nadu,Coimbatore,Gedee Car Museum,,Museum,,,11.006626,76.977926,"Avinashi Rd, Race Course, Coimbatore, Tamil Nadu 641018",https://www.google.com/maps/place/?q=place_id:ChIJY7MFr7FZqDsRdVh2olV7hHk,4.6,12648,,,,,,INR,,,History,Museum,,Unknown,Unknown,,,,,,,,,,,True,False,False,False,"History Lovers,Photography",museum,SRC-0019
PL-0020,ST-33,CT-0003,Tamil Nadu,Coimbatore,Race Course - Zone 2,,Market/Promenade,,,11.003403,76.978288,"GD Naidu St, Race Course, Coimbatore, Tamil Nadu 641018",https://www.google.com/maps/place/?q=place_id:ChIJGfUTRepZqDsRvz82X4HIaJA,4.5,1971,,,,,,INR,,,Culture,Market/Promenade,,Unknown,Unknown,,,,,,,,,,,True,False,False,False,"Photography,History Lovers",,SRC-0020
PL-0021,ST-33,CT-0003,Tamil Nadu,Coimbatore,Smart City Valankulam Lakefront,,Lake,,,10.992018,76.977531,"Sungam Bypass Rd, Coimbatore, Tamil Nadu 641018",https://www.google.com/maps/place/?q=place_id:ChIJM41iAf1ZqDsRVcUzwROwPkA,4.4,457,,,,,,INR,,,Nature,Lake,,Unknown,Unknown,,,,,,,,,,,False,False,False,False,"Nature Lovers,Photography",,SRC-0021
PL-0022,ST-33,CT-0003,Tamil Nadu,Coimbatore,"Clock Tower, RS Puram",,Landmark,,,11.010144,76.950513,"Diwan Bahadur Rd, R.S. Puram, Coimbatore, Tamil Nadu 641002",https://www.google.com/maps/place/?q=place_id:ChIJKafCwTpZqDsRjIPJqdLGJJU,4.5,1353,,,,,,INR,,,Culture,Landmark,,Unknown,Unknown,,,,,,,,,,,True,False,False,False,"Photography,History Lovers",,SRC-0022
PL-0023,ST-33,CT-0003,Tamil Nadu,Coimbatore,TNAU Botanical Garden,,Garden,,,11.014793,76.931536,"Marudhamalai Rd, TNAU, Coimbatore, Tamil Nadu 641003",https://www.google.com/maps/place/?q=place_id:ChIJF4_CSNhYqDsROGVGpW7RTwg,4.2,4599,,,,,,INR,,,Nature,Garden,,Unknown,Unknown,,,,,,,,,,,True,False,False,False,"Nature Lovers,Photography",botanical_garden,SRC-0023
PL-0024,ST-33,CT-0003,Tamil Nadu,Coimbatore,Amphitheatre Ukkadam,,Lake/Viewpoint,,,10.985002,76.950861,"Perur Bypass Rd, Ukkadam, Coimbatore, Tamil Nadu 641001",https://www.google.com/maps/place/?q=place_id:ChIJM16I83VZqDsRwBaR3qADJnc,4.2,180,,,,,,INR,,,Nature,Lake/Viewpoint,,Unknown,Unknown,,,,,,,,,,,False,False,False,False,"Nature Lovers,Photography",,SRC-0024
PL-0025,ST-33,CT-0003,Tamil Nadu,Coimbatore,Valankulam Boat House,,Lake,,,10.992436,76.973998,"Trichy Rd, Highways Colony, Coimbatore, Tamil Nadu 641018",https://www.google.com/maps/place/?q=place_id:ChIJu6luVmJZqDsRSJsXtsJ7w4o,4.3,1785,,,,,,INR,,,Nature,Lake,,Unknown,Unknown,,,,,,,,,,,True,False,False,False,"Nature Lovers,Photography",park,SRC-0025
PL-0026,ST-33,CT-0003,Tamil Nadu,Coimbatore,Gass Forest Museum,,Museum,Forest and wildlife museum of the Western Ghats,Forest and wildlife museum of the Western Ghats,11.016544,76.945993,"Cowley Brown Rd, Coimbatore, Tamil Nadu 641002",https://www.google.com/maps/place/?q=place_id:ChIJXerfbeFYqDsR7GBHU7ZPf5U,4.5,1372,,,,,,INR,,,Nature,Museum,,Unknown,Unknown,,,,,,,,,,,True,False,False,False,"Nature Lovers,Photography",museum,SRC-0026
PL-0027,ST-33,CT-0003,Tamil Nadu,Coimbatore,Narasipuram Multi-Step Waterfalls,,Waterfall,"Multi-tiered cascade; seasonal, dry outside monsoon","Multi-tiered cascade; seasonal, dry outside monsoon",10.980071,76.760483,"Narasipuram, Coimbatore, Tamil Nadu 641109",https://www.google.com/maps/place/?q=place_id:ChIJLy95Yi9hqDsRdr5RdlB3eL8,4.0,659,,,,,,INR,,,Nature,Waterfall,,Unknown,Unknown,,,,,,,,,,,False,False,False,False,"Nature Lovers,Photography",,SRC-0027
PL-0028,ST-33,CT-0003,Tamil Nadu,Coimbatore,Kovai Lake,,Lake,,,10.988035,76.958644,"Palakkad Main Rd, Ukkadam, Coimbatore, Tamil Nadu 641001",https://www.google.com/maps/place/?q=place_id:ChIJQ0Jd2DBZqDsRk7M2CvPM2tw,4.3,1656,,,,,,INR,,,Nature,Lake,,Unknown,Unknown,,,,,,,,,,,True,False,False,False,"Nature Lovers,Photography",scenic_spot,SRC-0028
PL-0029,ST-33,CT-0004,Tamil Nadu,Ooty (Udhagamandalam),Ooty Lake / Boat House,,Lake,TN Tourism boating facility on Ooty Lake,TN Tourism boating facility on Ooty Lake,11.406293,76.687865,"N Lake Rd, West Mere, Ooty, Tamil Nadu 643001",https://www.google.com/maps/place/?q=place_id:ChIJgfD1JYG9qDsR7d1ZFDymfcI,4.1,72057,,,,,,INR,,,Nature,Lake,,Unknown,Unknown,,,,,,,,,,,True,False,False,True,"Nature Lovers,Photography",tour_agency,SRC-0029
PL-0030,ST-33,CT-0004,Tamil Nadu,Ooty (Udhagamandalam),Ooty Lake View Point,,Viewpoint,,,11.405924,76.68827,"N Lake Rd, Ooty, Tamil Nadu 643001",https://www.google.com/maps/place/?q=place_id:ChIJQYkJGIG9qDsRRth8R75Wb9g,4.3,1241,,,,,,INR,,,Nature,Viewpoint,,Unknown,Unknown,,,,,,,,,,,True,False,False,False,"Nature Lovers,Photography",,SRC-0030
PL-0031,ST-33,CT-0004,Tamil Nadu,Ooty (Udhagamandalam),Doddabetta Peak,,Viewpoint,Highest peak in the Nilgiri Hills (2637m); telescope house at summit,Highest peak in the Nilgiri Hills (2637m); telescope house at summit,11.40202,76.735979,"Doddabetta Rd, Ooty, Tamil Nadu 643002",https://www.google.com/maps/place/?q=place_id:ChIJq6qquv-VqDsR3KjcD91vTR4,4.4,7593,,,,,,INR,,,Nature,Viewpoint,,Unknown,Unknown,,,,,,,,,,,True,False,False,False,"Nature Lovers,Photography",,SRC-0031
PL-0032,ST-33,CT-0004,Tamil Nadu,Ooty (Udhagamandalam),Virgin Earth (Bird Park),,Bird Sanctuary,,,11.401659,76.685066,"West Mere, Ooty, Tamil Nadu 643004",https://www.google.com/maps/place/?q=place_id:ChIJbdUtfEi9qDsRjCyvSuas4yk,4.6,1635,,,,,,INR,,,Nature,Bird Sanctuary,,Unknown,Unknown,,,,,,,,,,,True,False,False,False,"Nature Lovers,Photography",,SRC-0032
PL-0033,ST-33,CT-0004,Tamil Nadu,Ooty (Udhagamandalam),Government Botanical Garden,,Garden,,,11.418875,76.711388,"Vannarapettai, Ooty, Tamil Nadu 643001",https://www.google.com/maps/place/?q=place_id:ChIJfcu8W-u9qDsRj7OFxEygZH0,4.3,103570,,,,,,INR,,,Nature,Garden,,Unknown,Unknown,,,,,,,,,,,True,False,False,True,"Nature Lovers,Photography",botanical_garden,SRC-0033
PL-0034,ST-33,CT-0004,Tamil Nadu,Ooty (Udhagamandalam),"Nilgiri Mountain Railway (Toy Train), Ooty",,Heritage Site,UNESCO World Heritage mountain railway,UNESCO World Heritage mountain railway,11.405429,76.69606,"Kathadimattam, Ooty, Tamil Nadu 643001",https://www.google.com/maps/place/?q=place_id:ChIJjdTOkcy9qDsR2NX-PU36zhA,4.3,336,,,,,,INR,,,Heritage,Heritage Site,,Unknown,Unknown,,,,,,,,,,,False,False,False,False,"History Lovers,Photography",,SRC-0034
PL-0035,ST-33,CT-0004,Tamil Nadu,Ooty (Udhagamandalam),"Murugan Temple, Elk Hill",,Temple,Locally-known hilltop temple with panoramic views; described by visitors as an offbeat spot,Locally-known hilltop temple with panoramic views; described by visitors as an offbeat spot,11.399257,76.709774,"Nondimedu, Ooty, Tamil Nadu 643001",https://www.google.com/maps/place/?q=place_id:ChIJ7xroMSCWqDsRp69t7iYDjMA,4.7,2986,,,,,,INR,,,Religious,Temple,,Unknown,Unknown,,,,,,,,,,,True,False,True,False,"Spiritual Travelers,History Lovers","hindu_temple,place_of_worship",SRC-0035
PL-0036,ST-33,CT-0004,Tamil Nadu,Ooty (Udhagamandalam),Ooty Boating & Children's Park,,Amusement Park,,,11.405946,76.688523,"Kathadimattam, Ooty, Tamil Nadu 643001",https://www.google.com/maps/place/?q=place_id:ChIJq6qqqoa9qDsR_fd_VTNoQ-w,4.1,465,,,,,,INR,,,Family,Amusement Park,,Unknown,Unknown,,,,,,,,,,,False,False,False,False,"Family,Kids",park,SRC-0036
PL-0037,ST-33,CT-0005,Tamil Nadu,Kodaikanal,Coakers Walk,,Viewpoint,"1-km pedestrian walkway built 1872, panoramic valley views","1-km pedestrian walkway built 1872, panoramic valley views",10.232401,77.493645,"Coakers Walk, Kodaikanal, Tamil Nadu 624101",https://www.google.com/maps/place/?q=place_id:ChIJrXHkrEJmBzsRRUhKRDw0X_M,4.4,8885,,,,,,INR,,,Nature,Viewpoint,,Unknown,Unknown,,,,,,,,,,,True,False,False,False,"Nature Lovers,Photography",,SRC-0037
PL-0038,ST-33,CT-0005,Tamil Nadu,Kodaikanal,Vattakanal Falls (Liril Falls),,Waterfall,Also known locally as Liril Falls,Also known locally as Liril Falls,10.22101,77.481788,"Vattakanal, Kodaikanal, Tamil Nadu 624101",https://www.google.com/maps/place/?q=place_id:ChIJ2QZzGIpnBzsRvMwx2IZHSV0,4.2,1442,,,,,,INR,,,Nature,Waterfall,,Unknown,Unknown,,,,,,,,,,,True,False,False,False,"Nature Lovers,Photography",,SRC-0038
PL-0039,ST-33,CT-0005,Tamil Nadu,Kodaikanal,Chettiar Park,,Garden,,,10.251281,77.498662,"Chettiar Park Rd, Kodaikanal, Tamil Nadu 624101",https://www.google.com/maps/place/?q=place_id:ChIJ86zE5PBmBzsREusdPr1RGtY,4.0,3940,,,,,,INR,,,Nature,Garden,,Unknown,Unknown,,,,,,,,,,,True,False,False,False,"Nature Lovers,Photography",park,SRC-0039
PL-0040,ST-33,CT-0005,Tamil Nadu,Kodaikanal,Upper Lake View,,Viewpoint,Roadside viewpoint over star-shaped Kodaikanal Lake; free,Roadside viewpoint over star-shaped Kodaikanal Lake; free,10.230351,77.475496,"Upper Lake Rd, Kodaikanal, Tamil Nadu 624103",https://www.google.com/maps/place/?q=place_id:ChIJ0-FQUndmBzsRcnHt49dUoJg,4.3,8840,,,,,,INR,,,Nature,Viewpoint,,Unknown,Unknown,,,,,,,,,,,True,False,False,False,"Nature Lovers,Photography",,SRC-0040
PL-0041,ST-33,CT-0005,Tamil Nadu,Kodaikanal,Silver Cascade Falls,,Waterfall,180-foot roadside waterfall; no bathing permitted,180-foot roadside waterfall; no bathing permitted,10.241779,77.510808,"Kodaikanal, Tamil Nadu 624101",https://www.google.com/maps/place/?q=place_id:ChIJWV8fmgFnBzsRFyCKSAKIEEA,4.4,6409,,,,,,INR,,,Nature,Waterfall,,Unknown,Unknown,,,,,,,,,,,True,False,False,False,"Nature Lovers,Photography",,SRC-0041
PL-0042,ST-33,CT-0005,Tamil Nadu,Kodaikanal,Bryant Park,,Garden,,,10.2315,77.493196,"Lower Shola Rd, Kodaikanal, Tamil Nadu 624101",https://www.google.com/maps/place/?q=place_id:ChIJ7T_P62dmBzsRqa88VYB0q9w,4.2,29209,,,,,,INR,,,Nature,Garden,,Unknown,Unknown,,,,,,,,,,,True,False,False,True,"Nature Lovers,Photography",park,SRC-0042
PL-0043,ST-33,CT-0005,Tamil Nadu,Kodaikanal,Green Valley Viewpoint,,Viewpoint,Overlooks a roughly 5000-foot drop into the valley; market lane leading to it,Overlooks a roughly 5000-foot drop into the valley; market lane leading to it,10.211042,77.475452,"Kodaikanal, Tamil Nadu 624103",https://www.google.com/maps/place/?q=place_id:ChIJO_tpLw9mBzsRI2egOTdZwOc,4.3,10563,,,,,,INR,,,Nature,Viewpoint,,Unknown,Unknown,,,,,,,,,,,True,False,False,False,"Nature Lovers,Photography",,SRC-0043
PL-0044,ST-33,CT-0005,Tamil Nadu,Kodaikanal,Kurinji Andavar Temple,,Temple,Named after the Kurinji flower which blooms once every 12 years,Named after the Kurinji flower which blooms once every 12 years,10.253219,77.501887,"Kurinji Andavar Temple Road, Kodaikanal, Tamil Nadu 624101",https://www.google.com/maps/place/?q=place_id:ChIJy4TZFu5mBzsRZ4t4DtUraaU,4.7,7886,,,,,,INR,,,Religious,Temple,,Unknown,Unknown,,,,,,,,,,,True,False,False,False,"Spiritual Travelers,History Lovers","hindu_temple,place_of_worship",SRC-0044
PL-0045,ST-33,CT-0005,Tamil Nadu,Kodaikanal,Dolphin's Nose,,Viewpoint,Flat rock viewpoint reached via ~1-1.8km trek,Flat rock viewpoint reached via ~1-1.8km trek,10.209086,77.487207,"Vellagavi, Tamil Nadu 624101",https://www.google.com/maps/place/?q=place_id:ChIJg83_KBdmBzsRLcSDcCeOEms,4.4,6964,,,,,,INR,,,Nature,Viewpoint,,Unknown,Moderate,,,,,,,,,,,True,False,False,False,"Nature Lovers,Photography",,SRC-0045
PL-0046,ST-33,CT-0006,Tamil Nadu,Rameswaram,Sri Arulmigu Ramanathaswamy Temple,,Temple,One of the 12 Jyotirlinga shrines; famed for its 22 sacred wells and long corridors,One of the 12 Jyotirlinga shrines; famed for its 22 sacred wells and long corridors,9.288114,79.317392,"E Car St, Rameswaram, Tamil Nadu 623526",https://www.google.com/maps/place/?q=place_id:ChIJbaxJSdzjATsRuqRKzHCr_Z8,4.7,32754,,,,,,INR,,,Religious,Temple,,Unknown,Unknown,,,,,,,,,,,True,False,False,True,"Spiritual Travelers,History Lovers","hindu_temple,place_of_worship",SRC-0046
PL-0047,ST-33,CT-0006,Tamil Nadu,Rameswaram,Villoondi Theertham,,Sacred Water Body,"Freshwater well in the middle of the sea, per local legend created by Rama","Freshwater well in the middle of the sea, per local legend created by Rama",9.292314,79.262322,"Thangachimadam Rd, Rameswaram, Tamil Nadu 623529",https://www.google.com/maps/place/?q=place_id:ChIJ7znIsSDkATsRIRlCs6BL4sY,4.6,4305,,,,,,INR,,,Religious,Sacred Water Body,,Unknown,Unknown,,,,,,,,,,,True,False,False,False,"Spiritual Travelers,History Lovers","hindu_temple,place_of_worship",SRC-0047
PL-0048,ST-33,CT-0006,Tamil Nadu,Rameswaram,House of Kalam (APJ Abdul Kalam Museum),,Museum,"Childhood home of Dr. A.P.J. Abdul Kalam, converted to a museum","Childhood home of Dr. A.P.J. Abdul Kalam, converted to a museum",9.284673,79.312318,"Mosque Street, Rameswaram, Tamil Nadu 623526",https://www.google.com/maps/place/?q=place_id:ChIJy4ZYiN3jATsR0s73JRKrsg8,4.5,26117,,,,,,INR,,,History,Museum,,Unknown,Unknown,,,,,,,,,,,True,False,False,True,"History Lovers,Photography","museum,historical_landmark",SRC-0048
PL-0049,ST-33,CT-0006,Tamil Nadu,Rameswaram,Rameswaram Lighthouse,,Lighthouse,,,9.317583,79.330689,"Olakkuda Village, Rameswaram, Tamil Nadu 623526",https://www.google.com/maps/place/?q=place_id:ChIJ2fJ5TAvhATsRZB8AolgVJxM,4.1,289,,,,,,INR,,,Nature,Lighthouse,,Unknown,Unknown,,,,,,,,,,,False,False,False,False,"Nature Lovers,Photography",,SRC-0049
PL-0050,ST-33,CT-0006,Tamil Nadu,Rameswaram,Lakshmana Tirtham,,Sacred Water Body,"Quieter, less-crowded shrine compared to the main temple","Quieter, less-crowded shrine compared to the main temple",9.285732,79.306168,"AH43, Rameswaram, Tamil Nadu 623526",https://www.google.com/maps/place/?q=place_id:ChIJX0OzsB7jATsRcN6kkaJqfe4,4.5,1627,,,,,,INR,,,Religious,Sacred Water Body,,Unknown,Unknown,,,,,,,,,,,True,False,True,False,"Spiritual Travelers,History Lovers","hindu_temple,place_of_worship",SRC-0050
PL-0051,ST-33,CT-0006,Tamil Nadu,Rameswaram,Rameshwaram Sea Shore,,Beach,Sacred bathing beach near Agni Theertham,Sacred bathing beach near Agni Theertham,9.290122,79.321208,"V.O.C. Nagar, Rameswaram, Tamil Nadu 623526",https://www.google.com/maps/place/?q=place_id:ChIJP_P9gdnjATsRYuyEMSBb5U0,4.3,1316,,,,,,INR,,,Beach,Beach,,Unknown,Unknown,,,,,,,,,,,True,False,False,False,"Couples,Family,Photography",,SRC-0051
PL-0052,ST-33,CT-0006,Tamil Nadu,Rameswaram,Sunrise View Point,,Viewpoint,,,9.29064,79.322192,"V.O.C. Nagar, Rameswaram, Tamil Nadu 623526",https://www.google.com/maps/place/?q=place_id:ChIJSRUG6Z7jATsRuWGSUycP0Qo,4.5,436,,,,,,INR,,,Nature,Viewpoint,,Unknown,Unknown,,,,,,,,,,,False,False,False,False,"Nature Lovers,Photography",,SRC-0052
PL-0053,ST-33,CT-0006,Tamil Nadu,Rameswaram,"Ramar Padam Temple, Gandhamadhana Parvatham",,Temple,Highest point on Rameswaram Island; holds a footprint attributed to Rama,Highest point on Rameswaram Island; holds a footprint attributed to Rama,9.302783,79.305236,"Gandha Madhana Parvatham, Rameswaram, Tamil Nadu 623526",https://www.google.com/maps/place/?q=place_id:ChIJlRG7p1vhATsRmO7_I9Cqc_E,4.5,6697,,,,,,INR,,,Religious,Temple,,Unknown,Unknown,,,,,,,,,,,True,False,False,False,"Spiritual Travelers,History Lovers","hindu_temple,place_of_worship",SRC-0053
PL-0054,ST-33,CT-0007,Tamil Nadu,Kanyakumari,Sunset Point,,Viewpoint,"Views the confluence of the Arabian Sea, Bay of Bengal and Indian Ocean","Views the confluence of the Arabian Sea, Bay of Bengal and Indian Ocean",8.078564,77.531674,"Kanniyakumari, Kovalam, Tamil Nadu 629702",https://www.google.com/maps/place/?q=place_id:ChIJg8j_DhztBDsRhw-IBilBMKU,4.5,16343,,,,,,INR,,,Nature,Viewpoint,,Unknown,Unknown,,,,,,,,,,,True,False,False,False,"Nature Lovers,Photography",,SRC-0054
PL-0055,ST-33,CT-0007,Tamil Nadu,Kanyakumari,Kanyakumari Beach View,,Beach,,,8.083268,77.556519,"Kanniyakumari, Tamil Nadu 629702",https://www.google.com/maps/place/?q=place_id:ChIJX0bt4y3tBDsRygiHUI-vBx0,4.6,3999,,,,,,INR,,,Beach,Beach,,Unknown,Unknown,,,,,,,,,,,True,False,False,False,"Couples,Family,Photography",,SRC-0055
PL-0056,ST-33,CT-0007,Tamil Nadu,Kanyakumari,Triveni Sangamam,,Viewpoint,Meeting point of three seas,Meeting point of three seas,8.078075,77.550817,"Kanniyakumari, Tamil Nadu 629702",https://www.google.com/maps/place/?q=place_id:ChIJ_fkBAybtBDsRGtvRVnaaIaM,4.6,11363,,,,,,INR,,,Nature,Viewpoint,,Unknown,Unknown,,,,,,,,,,,True,False,False,False,"Nature Lovers,Photography",park,SRC-0056
PL-0057,ST-33,CT-0007,Tamil Nadu,Kanyakumari,View Tower,,Viewpoint,,,8.078129,77.546188,"Beach Rd, Kanniyakumari, Tamil Nadu 629702",https://www.google.com/maps/place/?q=place_id:ChIJm-s_mCbtBDsRRMNm2mwL2zM,4.4,6172,,,,,,INR,,,Nature,Viewpoint,,Unknown,Unknown,,,,,,,,,,,True,False,False,False,"Nature Lovers,Photography",,SRC-0057
PL-0058,ST-33,CT-0007,Tamil Nadu,Kanyakumari,Vivekananda Rock Memorial,,Monument,Built 1970 on the rock where Swami Vivekananda is said to have meditated in 1892,Built 1970 on the rock where Swami Vivekananda is said to have meditated in 1892,8.078137,77.555213,"Kanniyakumari, Tamil Nadu",https://www.google.com/maps/place/?q=place_id:ChIJwSRdSSntBDsRwKOziITrmXk,4.6,52838,,,,,,INR,,,History,Monument,,Unknown,Unknown,,,,,,,,,,,True,False,False,True,"History Lovers,Photography","historical_landmark,historical_place",SRC-0058
PL-0059,ST-33,CT-0007,Tamil Nadu,Kanyakumari,Kanyakumari Glass Bridge,,Bridge,"India's first glass-floor sea bridge, opened late 2024, connects Vivekananda Rock and Thiruvalluvar Statue","India's first glass-floor sea bridge, opened late 2024, connects Vivekananda Rock and Thiruvalluvar Statue",8.078058,77.554719,"Kanniyakumari, Tamil Nadu",https://www.google.com/maps/place/?q=place_id:ChIJuRa4NADtBDsR1wxU72T5mEs,4.4,872,,,,,,INR,,,Architecture,Bridge,,Unknown,Unknown,,,,,,,,,,,False,False,False,False,"Photography,History Lovers",,SRC-0059
PL-0060,ST-33,CT-0007,Tamil Nadu,Kanyakumari,Kanyakumari Lighthouse,,Lighthouse,,,8.08148,77.546928,"Kanniyakumari, Tamil Nadu 629702",https://www.google.com/maps/place/?q=place_id:ChIJq6o6-CTtBDsRaq8-UuRyrfs,4.6,1003,,,,,,INR,,,Nature,Lighthouse,,Unknown,Unknown,,,,,,,,,,,True,False,False,False,"Nature Lovers,Photography",,SRC-0060
PL-0061,ST-33,CT-0008,Tamil Nadu,Thanjavur,Brihadeeswara Temple,,Temple,"UNESCO World Heritage Chola-era temple, over 1000 years old","UNESCO World Heritage Chola-era temple, over 1000 years old",10.782695,79.131459,"Balaganapathy Nagar, Thanjavur, Tamil Nadu 613001",https://www.google.com/maps/place/?q=place_id:ChIJIRL-SJ-4qjsR1oRd5UDLIx0,4.8,54505,,,,,,INR,,,Heritage,Temple,,Unknown,Unknown,,,,,,,,,,,True,False,False,True,"History Lovers,Photography","hindu_temple,place_of_worship",SRC-0061
PL-0062,ST-33,CT-0008,Tamil Nadu,Thanjavur,Thanjavur Maratha Palace,,Palace,,,10.791389,79.136123,"Rajakrisnapuram, Thanjavur, Tamil Nadu 613009",https://www.google.com/maps/place/?q=place_id:ChIJ49ySCWHHqjsRMvjQVTH2x1g,4.1,7915,,,,,,INR,,,Heritage,Palace,,Unknown,Unknown,,,,,,,,,,,True,False,False,False,"History Lovers,Photography","historical_landmark,historical_place",SRC-0062
PL-0063,ST-33,CT-0008,Tamil Nadu,Thanjavur,Rajali Birds Park,,Bird Sanctuary,,,10.782223,79.134783,"near Big Temple, Thanjavur, Tamil Nadu 613001",https://www.google.com/maps/place/?q=place_id:ChIJbVLv6rS5qjsRGT5adSUKgEw,4.7,4661,,,,,,INR,,,Family,Bird Sanctuary,,Unknown,Unknown,,,,,,,,,,,True,False,False,False,"Family,Kids",amusement_park,SRC-0063
PL-0064,ST-33,CT-0008,Tamil Nadu,Thanjavur,Royal Palace Museum,,Museum,Within the Thanjavur Palace complex,Within the Thanjavur Palace complex,10.79294,79.137631,"Rajakrisnapuram, Thanjavur, Tamil Nadu 613009",https://www.google.com/maps/place/?q=place_id:ChIJV5G9dZ64qjsR17fmV2e_Hn0,4.1,1938,,,,,,INR,,,Heritage,Museum,,Unknown,Unknown,,,,,,,,,,,True,False,False,False,"History Lovers,Photography",museum,SRC-0064
PL-0065,ST-33,CT-0008,Tamil Nadu,Thanjavur,Manimandapam,,Monument,Built to commemorate the 1000th birth anniversary of Chola king Rajaraja I,Built to commemorate the 1000th birth anniversary of Chola king Rajaraja I,10.770178,79.131041,"New Bus Stand Rd, Thanjavur, Tamil Nadu 613007",https://www.google.com/maps/place/?q=place_id:ChIJt4i2Eb64qjsR8PG1AJEnfc0,4.2,5096,,,,,,INR,,,Family,Monument,,Unknown,Unknown,,,,,,,,,,,True,False,False,False,"Family,Kids","park,fountain",SRC-0065
PL-0066,ST-33,CT-0008,Tamil Nadu,Thanjavur,Sangeetha Mahal,,Cultural Site,Maratha-era acoustic music hall within the palace complex; a lesser-visited part of the palace,Maratha-era acoustic music hall within the palace complex; a lesser-visited part of the palace,10.792177,79.135695,"Thanjavur, Tamil Nadu 613009",https://www.google.com/maps/place/?q=place_id:ChIJdW5iEGHHqjsRka_ctISUZ4I,4.3,786,,,,,,INR,,,Heritage,Cultural Site,,Unknown,Unknown,,,,,,,,,,,False,False,True,False,"History Lovers,Photography",cultural_center,SRC-0066
PL-0067,ST-33,CT-0008,Tamil Nadu,Thanjavur,Saraswathi Mahal Library,,Museum,"One of the oldest libraries in Asia; over 49,000 manuscripts","One of the oldest libraries in Asia; over 49,000 manuscripts",10.791745,79.136624,"E Main St, Thanjavur, Tamil Nadu 613009",https://www.google.com/maps/place/?q=place_id:ChIJ8cYhD2HHqjsRlC8jKeM8NFI,4.2,490,,,,,,INR,,,Heritage,Museum,,Unknown,Unknown,,,,,,,,,,,False,False,False,False,"History Lovers,Photography",library,SRC-0067
PL-0068,ST-33,CT-0009,Tamil Nadu,Tiruchirappalli,Trichy Birds Park,,Bird Sanctuary,,,10.841768,78.684634,"Kudamurutti Bridge, Tiruchirappalli, Tamil Nadu 620101",https://www.google.com/maps/place/?q=place_id:ChIJzROcGAD1qjsRYUWQIosKHKc,4.8,6687,,,,,,INR,,,Family,Bird Sanctuary,,Unknown,Unknown,,,,,,,,,,,True,False,False,False,"Family,Kids","zoo,garden,park",SRC-0068
PL-0069,ST-33,CT-0009,Tamil Nadu,Tiruchirappalli,Tropical Butterfly Conservatory,,Nature Spot,,,10.877891,78.637204,"Srirangam Taluk, Tiruchirappalli, Tamil Nadu 620006",https://www.google.com/maps/place/?q=place_id:ChIJuSEGxxz2qjsRAwSAa78hwYA,4.3,5843,,,,,,INR,,,Nature,Nature Spot,,Unknown,Unknown,,,,,,,,,,,True,False,False,False,"Nature Lovers,Photography",park,SRC-0069
PL-0070,ST-33,CT-0009,Tamil Nadu,Tiruchirappalli,"Arulmigu Jambukeswarar Temple, Thiruvanaikaval",,Temple,"One of the Pancha Bhoota Sthalams, representing the water element","One of the Pancha Bhoota Sthalams, representing the water element",10.85387,78.706072,"N Car St, Thiruvanaikoil, Tiruchirappalli, Tamil Nadu 620005",https://www.google.com/maps/place/?q=place_id:ChIJiQPxVCz0qjsRSSFHdxQKkRQ,4.8,21487,,,,,,INR,,,Religious,Temple,,Unknown,Unknown,,,,,,,,,,,True,False,False,True,"Spiritual Travelers,History Lovers","hindu_temple,place_of_worship",SRC-0070
PL-0071,ST-33,CT-0009,Tamil Nadu,Tiruchirappalli,Golden Rock,,Viewpoint,Rock-climbing viewpoint over the city; largely known to locals,Rock-climbing viewpoint over the city; largely known to locals,10.781485,78.713521,"Ponmalaipatti Rd, Tiruchirappalli, Tamil Nadu 620004",https://www.google.com/maps/place/?q=place_id:ChIJRZmY1dH0qjsRiN0t6zn1Dkc,4.5,140,,,,,,INR,,,Nature,Viewpoint,,Unknown,Unknown,,,,,,,,,,,False,False,False,False,"Nature Lovers,Photography","historical_landmark,historical_place",SRC-0071
PL-0072,ST-33,CT-0009,Tamil Nadu,Tiruchirappalli,"Artificial Waterfalls, Karumandapam",,Waterfall,Natural rock base with a check-dam elevation; seasonal flow,Natural rock base with a check-dam elevation; seasonal flow,10.802939,78.66224,"Royal Ave, Karumandapam, Tiruchirappalli, Tamil Nadu 620102",https://www.google.com/maps/place/?q=place_id:ChIJfcp7Zq71qjsRvvC5GdfrqgE,4.2,209,,,,,,INR,,,Nature,Waterfall,,Unknown,Unknown,,,,,,,,,,,False,False,False,False,"Nature Lovers,Photography",,SRC-0072
PL-0073,ST-33,CT-0009,Tamil Nadu,Tiruchirappalli,"Sri Ranganathaswamy Temple, Srirangam",,Temple,Widely regarded as the largest functioning Hindu temple complex in the world,Widely regarded as the largest functioning Hindu temple complex in the world,10.862216,78.689937,"Srirangam, Tiruchirappalli, Tamil Nadu 620006",https://www.google.com/maps/place/?q=place_id:ChIJiYz963f2qjsRbEwLpgo1fcU,4.6,30539,,,,,,INR,,,Religious,Temple,,Unknown,Unknown,,,,,,,,,,,True,False,False,True,"Spiritual Travelers,History Lovers","hindu_temple,place_of_worship",SRC-0073
PL-0074,ST-33,CT-0009,Tamil Nadu,Tiruchirappalli,Rockfort Temple (Thayumanavar & Uchi Pillayar),,Temple,Temple complex atop a rock formation dated to over 3 billion years; city panorama from the summit,Temple complex atop a rock formation dated to over 3 billion years; city panorama from the summit,10.82725,78.697239,"Chinna Kadai St, Tiruchirappalli, Tamil Nadu 620002",https://www.google.com/maps/place/?q=place_id:ChIJi7RXWj31qjsRH8AxCirTi9E,4.7,11949,,,,,,INR,,,Heritage,Temple,,Unknown,Unknown,,,,,,,,,,,True,False,False,False,"History Lovers,Photography","hindu_temple,place_of_worship",SRC-0074
PL-0075,ST-33,CT-0010,Tamil Nadu,Mahabalipuram,Shore Temple,,Temple,UNESCO World Heritage Pallava-era shore temple,UNESCO World Heritage Pallava-era shore temple,12.616452,80.199332,"Beach Rd, Mahabalipuram, Tamil Nadu 603104",https://www.google.com/maps/place/?q=place_id:ChIJb_2RS66sUzoRQRGblYqNEqo,4.6,13217,,,,,,INR,,,Heritage,Temple,,Unknown,Unknown,,,,,,,,,,,True,False,False,False,"History Lovers,Photography","hindu_temple,place_of_worship",SRC-0075
PL-0076,ST-33,CT-0010,Tamil Nadu,Mahabalipuram,Five Rathas (Pancha Rathas),,Monument,Five monolithic 7th-century rock-cut temples,Five monolithic 7th-century rock-cut temples,12.608893,80.189613,"W Raja St, Mahabalipuram, Tamil Nadu 603104",https://www.google.com/maps/place/?q=place_id:ChIJ11_H6KisUzoR-ZoZQgcGfc0,4.7,15323,,,,,,INR,,,Heritage,Monument,,Unknown,Unknown,,,,,,,,,,,True,False,False,False,"History Lovers,Photography",,SRC-0076
PL-0077,ST-33,CT-0010,Tamil Nadu,Mahabalipuram,Krishna's Butter Ball,,Monument,Massive granite boulder balanced on a slope,Massive granite boulder balanced on a slope,12.61908,80.192455,"E Raja St, Mahabalipuram, Tamil Nadu 603104",https://www.google.com/maps/place/?q=place_id:ChIJyT1Z-6usUzoR4jYb_9OFaKQ,4.5,27869,,,,,,INR,,,Nature,Monument,,Unknown,Unknown,,,,,,,,,,,True,False,False,True,"Nature Lovers,Photography",historical_landmark,SRC-0077
PL-0078,ST-33,CT-0010,Tamil Nadu,Mahabalipuram,Mahabalipuram Beach,,Beach,,,12.621918,80.194336,"East Coast Rd, Mahabalipuram, Tamil Nadu 603104",https://www.google.com/maps/place/?q=place_id:ChIJLVlV52CtUzoREl7lmmuLgtU,4.5,455,,,,,,INR,,,Beach,Beach,,Unknown,Unknown,,,,,,,,,,,False,False,False,False,"Couples,Family,Photography",,SRC-0078
PL-0079,ST-33,CT-0010,Tamil Nadu,Mahabalipuram,Tiger Cave,,Archaeological Site,Rock-cut tiger-motif carvings; less crowded than main sites,Rock-cut tiger-motif carvings; less crowded than main sites,12.65591,80.208969,"Salavankuppam, Mahabalipuram, Tamil Nadu 603104",https://www.google.com/maps/place/?q=place_id:ChIJ21y5MW1TUjoRJqymc3lKgf0,4.2,7143,,,,,,INR,,,Heritage,Archaeological Site,,Unknown,Unknown,,,,,,,,,,,True,False,False,False,"History Lovers,Photography","historical_landmark,historical_place",SRC-0079
PL-0080,ST-33,CT-0010,Tamil Nadu,Mahabalipuram,India Seashell Museum,,Museum,"40,000+ variety seashell collection","40,000+ variety seashell collection",12.609469,80.187556,"Mahabalipuram, Tamil Nadu 603104",https://www.google.com/maps/place/?q=place_id:ChIJRV9ofaesUzoRjpONeOocJ3A,4.4,11592,,,,,,INR,,,Nature,Museum,,Unknown,Unknown,,,,,,,,,,,True,False,False,False,"Nature Lovers,Photography",museum,SRC-0080
PL-0081,ST-33,CT-0010,Tamil Nadu,Mahabalipuram,Krishna Mandapam,,Monument,7th-century rock-cut bas-relief of Krishna lifting Govardhana Hill,7th-century rock-cut bas-relief of Krishna lifting Govardhana Hill,12.617391,80.19263,"W Raja St, Mahabalipuram, Tamil Nadu 603104",https://www.google.com/maps/place/?q=place_id:ChIJWxPNSamsUzoRlRnmC8Oalm8,4.6,358,,,,,,INR,,,Heritage,Monument,,Unknown,Unknown,,,,,,,,,,,False,False,False,False,"History Lovers,Photography","historical_landmark,monument",SRC-0081
PL-0082,ST-33,CT-0010,Tamil Nadu,Mahabalipuram,Varaha Cave Temple,,Cave,7th-century rock-cut cave with Varaha avatar relief,7th-century rock-cut cave with Varaha avatar relief,12.618079,80.192306,"Madha Kovil St, Mahabalipuram, Tamil Nadu 603104",https://www.google.com/maps/place/?q=place_id:ChIJkSOVWqmsUzoRbXOXSndp0p8,4.7,497,,,,,,INR,,,Heritage,Cave,,Unknown,Unknown,,,,,,,,,,,False,False,False,False,"History Lovers,Photography","historical_landmark,historical_place",SRC-0082
PL-0083,ST-33,CT-0011,Tamil Nadu,Kanchipuram,Sri Varadharaja Perumal Temple,,Temple,Divya Desam dating to 1053 CE,Divya Desam dating to 1053 CE,12.819335,79.724771,"West Mada Street, Kanchipuram, Tamil Nadu 631501",https://www.google.com/maps/place/?q=place_id:ChIJcZMDdpHCUjoRT6R400i7be4,4.6,49501,,,,,,INR,,,Religious,Temple,,Unknown,Unknown,,,,,,,,,,,True,False,False,True,"Spiritual Travelers,History Lovers","hindu_temple,place_of_worship",SRC-0083
PL-0084,ST-33,CT-0011,Tamil Nadu,Kanchipuram,Ekambaranathar Temple,,Temple,Pancha Bhoota Sthalam representing the earth element; 3500-year-old mango tree,Pancha Bhoota Sthalam representing the earth element; 3500-year-old mango tree,12.845854,79.700318,"Ekambaranathar koil, Kanchipuram, Tamil Nadu 631502",https://www.google.com/maps/place/?q=place_id:ChIJmU263U3CUjoRBaX11rQM2Qg,4.7,23606,,,,,,INR,,,Religious,Temple,,Unknown,Unknown,,,,,,,,,,,True,False,False,True,"Spiritual Travelers,History Lovers","hindu_temple,place_of_worship",SRC-0084
PL-0085,ST-33,CT-0011,Tamil Nadu,Kanchipuram,Sri Kanchi Kamakshi Amman Temple,,Temple,One of the 18 Shakti Peethas,One of the 18 Shakti Peethas,12.840536,79.703488,"Kamakshi Amman Sannathi St, Kanchipuram, Tamil Nadu 631502",https://www.google.com/maps/place/?q=place_id:ChIJsQOeA1HCUjoRU-1TqgShsA4,4.7,37185,,,,,,INR,,,Religious,Temple,,Unknown,Unknown,,,,,,,,,,,True,False,False,True,"Spiritual Travelers,History Lovers","hindu_temple,place_of_worship",SRC-0085
PL-0086,ST-33,CT-0011,Tamil Nadu,Kanchipuram,Kailasanathar Temple,,Temple,"Oldest surviving structural stone temple in Kanchipuram, built c.700 CE","Oldest surviving structural stone temple in Kanchipuram, built c.700 CE",12.842258,79.689713,"Kailasanathar Temple Rd, Kanchipuram, Tamil Nadu 631502",https://www.google.com/maps/place/?q=place_id:ChIJraK55K3DUjoRBYAkXV9tH1c,4.8,10371,,,,,,INR,,,Heritage,Temple,,Unknown,Unknown,,,,,,,,,,,True,False,False,False,"History Lovers,Photography","hindu_temple,place_of_worship",SRC-0086
PL-0087,ST-33,CT-0011,Tamil Nadu,Kanchipuram,Sri Ulagalanda Perumal Temple,,Temple,Houses four Divya Desams in a single complex,Houses four Divya Desams in a single complex,12.838988,79.70499,"Kamakshi Amman Sannathi St, Kanchipuram, Tamil Nadu 631502",https://www.google.com/maps/place/?q=place_id:ChIJBVNtt1DCUjoR_kagF9ZKnYU,4.7,4876,,,,,,INR,,,Religious,Temple,,Unknown,Unknown,,,,,,,,,,,True,False,False,False,"Spiritual Travelers,History Lovers","hindu_temple,place_of_worship",SRC-0087
PL-0088,ST-33,CT-0011,Tamil Nadu,Kanchipuram,Shri Chitragupta Swamy Temple,,Temple,One of very few temples in India dedicated to Chitragupta; 9th-century Chola origin,One of very few temples in India dedicated to Chitragupta; 9th-century Chola origin,12.83721,79.704712,"Hospital Rd, Kanchipuram, Tamil Nadu 631502",https://www.google.com/maps/place/?q=place_id:ChIJqUtWPlfCUjoRg7VXhwT3wuE,4.6,5260,,,,,,INR,,,Religious,Temple,,Unknown,Unknown,,,,,,,,,,,True,False,False,False,"Spiritual Travelers,History Lovers","hindu_temple,place_of_worship",SRC-0088
PL-0089,ST-33,CT-0011,Tamil Nadu,Kanchipuram,Yathoktakari Perumal Temple,,Temple,"51st of the 108 Divya Desams; low-key, little-visited shrine","51st of the 108 Divya Desams; low-key, little-visited shrine",12.8241,79.712369,"Ennaikaran, Kanchipuram, Tamil Nadu 631501",https://www.google.com/maps/place/?q=place_id:ChIJ_2_3KPLCUjoRX4xG1WZv9f0,4.7,1400,,,,,,INR,,,Religious,Temple,,Unknown,Unknown,,,,,,,,,,,True,False,True,False,"Spiritual Travelers,History Lovers","hindu_temple,place_of_worship",SRC-0089
PL-0090,ST-33,CT-0012,Tamil Nadu,Yercaud,Gents Seat Viewpoint,,Viewpoint,,,11.773569,78.199336,"near TV Station, Yercaud, Tamil Nadu 636601",https://www.google.com/maps/place/?q=place_id:ChIJNzxlgIH2qzsR45QT0a7ZsYE,4.1,1844,,,,,,INR,,,Nature,Viewpoint,,Unknown,Unknown,,,,,,,,,,,True,False,False,False,"Nature Lovers,Photography","scenic_spot,hiking_area",SRC-0090
PL-0091,ST-33,CT-0012,Tamil Nadu,Yercaud,Yercaud Central Viewpoint (22 Hairpin Bends),,Viewpoint,Viewpoint over the ghat road's 20+ hairpin bends,Viewpoint over the ghat road's 20+ hairpin bends,11.776093,78.190368,"Mundagapadi, Yercaud, Tamil Nadu 636602",https://www.google.com/maps/place/?q=place_id:ChIJkdXYLWP3qzsR5_IjSJOBx3g,4.4,893,,,,,,INR,,,Nature,Viewpoint,,Unknown,Unknown,,,,,,,,,,,False,False,False,False,"Nature Lovers,Photography",,SRC-0091
PL-0092,ST-33,CT-0012,Tamil Nadu,Yercaud,Kiliyur Falls,,Waterfall,Accessed via a long flight of steps,Accessed via a long flight of steps,11.796041,78.201156,"Killiyur Road, Yercaud, Tamil Nadu 636602",https://www.google.com/maps/place/?q=place_id:ChIJ_U9ubHb2qzsRJokSOoSB0yg,4.0,10067,,,,,,INR,,,Nature,Waterfall,,Unknown,Unknown,,,,,,,,,,,True,False,False,False,"Nature Lovers,Photography",,SRC-0092
PL-0093,ST-33,CT-0012,Tamil Nadu,Yercaud,Sky Park Adventure & Amusement Park,,Adventure Park,,,11.776812,78.222034,"Firs Estate, Pagoda Point Road, Yercaud, Tamil Nadu 636601",https://www.google.com/maps/place/?q=place_id:ChIJAcLbdub1qzsRweBbKIYlpnw,4.6,10020,,,,,,INR,,,Adventure,Adventure Park,,Unknown,Unknown,,,,,,,,,,,True,False,False,False,"Adventure,Friends","adventure_sports_center,amusement_park",SRC-0093
PL-0094,ST-33,CT-0012,Tamil Nadu,Yercaud,Yercaud Lake & Boat House (Emerald Lake),,Lake,,,11.784194,78.208245,"Lake Road, Yercaud, Tamil Nadu 636602",https://www.google.com/maps/place/?q=place_id:ChIJaVm__dP1qzsRQ4XCStbfazk,4.1,23711,,,,,,INR,,,Nature,Lake,,Unknown,Unknown,,,,,,,,,,,True,False,False,True,"Nature Lovers,Photography",,SRC-0094
PL-0095,ST-33,CT-0012,Tamil Nadu,Yercaud,Pagoda View Point,,Viewpoint,Most popular sunrise/sunset viewpoint in Yercaud,Most popular sunrise/sunset viewpoint in Yercaud,11.766293,78.238997,"Yercaud Talai cholai, Kakkambadi, Tamil Nadu 636601",https://www.google.com/maps/place/?q=place_id:ChIJIdByVVr0qzsRTtxxqryFDOc,4.2,12556,,,,,,INR,,,Nature,Viewpoint,,Unknown,Unknown,,,,,,,,,,,True,False,False,False,"Nature Lovers,Photography",scenic_spot,SRC-0095
PL-0096,ST-33,CT-0012,Tamil Nadu,Yercaud,Peeku Park,,Zoo,Interactive bird and animal park,Interactive bird and animal park,11.771862,78.234281,"via Pagoda View Point, Pottukadu, Tamil Nadu 636601",https://www.google.com/maps/place/?q=place_id:ChIJCRLawBj1qzsRJfhmgiprC5s,4.8,30301,,,,,,INR,,,Family,Zoo,,Unknown,Unknown,,,,,,,,,,,True,False,False,True,"Family,Kids","zoo,park",SRC-0096
PL-0097,ST-33,CT-0013,Tamil Nadu,Courtallam,Courtallam Main Falls,,Waterfall,Known as the 'Spa of South India'; seasonal (peak June-Sept),Known as the 'Spa of South India'; seasonal (peak June-Sept),8.929816,77.269031,"Courtallam, Tamil Nadu 627802",https://www.google.com/maps/place/?q=place_id:ChIJS4UuXhkrBDsRolNUEQ3qPoI,4.4,13264,,,,,,INR,,,Nature,Waterfall,,Unknown,Unknown,,,,,,,,,,,True,False,False,False,"Nature Lovers,Photography",,SRC-0097
PL-0098,ST-33,CT-0013,Tamil Nadu,Courtallam,Courtallam Five Falls,,Waterfall,Five-stream waterfall,Five-stream waterfall,8.93117,77.238055,"Tenkasi district, Tamil Nadu 627802",https://www.google.com/maps/place/?q=place_id:ChIJK_vW_PgqBDsRl61YBJHIHuY,4.4,40219,,,,,,INR,,,Nature,Waterfall,,Unknown,Unknown,,,,,,,,,,,True,False,False,True,"Nature Lovers,Photography",,SRC-0098
PL-0099,ST-33,CT-0013,Tamil Nadu,Courtallam,Tiger Falls,,Waterfall,Quieter falls near the main falls; consistent flow,Quieter falls near the main falls; consistent flow,8.927065,77.278231,"Courtallam, Tamil Nadu 627802",https://www.google.com/maps/place/?q=place_id:ChIJ3SL2-ywqBDsReqhmPpQ1N6Y,4.1,1392,,,,,,INR,,,Nature,Waterfall,,Unknown,Unknown,,,,,,,,,,,True,False,True,False,"Nature Lovers,Photography",spa,SRC-0099
PL-0100,ST-33,CT-0013,Tamil Nadu,Courtallam,Chitraruvi Falls,,Waterfall,"Smaller falls, moderate crowd","Smaller falls, moderate crowd",8.931515,77.267919,"Courtallam, Tamil Nadu 627802",https://www.google.com/maps/place/?q=place_id:ChIJKxkbwjYqBDsRm9JusPV_SjQ,4.4,576,,,,,,INR,,,Nature,Waterfall,,Unknown,Unknown,,,,,,,,,,,False,False,False,False,"Nature Lovers,Photography",,SRC-0100
PL-0101,ST-33,CT-0013,Tamil Nadu,Courtallam,Old Courtallam Falls,,Waterfall,Recently redeveloped by the forest department,Recently redeveloped by the forest department,8.899814,77.295665,"Pulichikulam, Tamil Nadu 627814",https://www.google.com/maps/place/?q=place_id:ChIJSbdL6FwpBDsRe3ls0A6mwDI,4.5,6390,,,,,,INR,,,Nature,Waterfall,,Unknown,Unknown,,,,,,,,,,,True,False,False,False,"Nature Lovers,Photography",massage_spa,SRC-0101
PL-0102,ST-33,CT-0014,Tamil Nadu,Hogenakkal,Hogenakkal Falls,,Waterfall,On the Kaveri River at the Tamil Nadu-Karnataka border; known for coracle boat rides,On the Kaveri River at the Tamil Nadu-Karnataka border; known for coracle boat rides,12.117854,77.778757,"Hogenakkal, Tamil Nadu 636810",https://www.google.com/maps/place/?q=place_id:ChIJie5dWRSjrjsRuPGlCdjA4t4,4.3,20901,,,,,,INR,,,Nature,Waterfall,,Unknown,Unknown,,,,,,,,,,,True,False,False,True,"Nature Lovers,Photography",,SRC-0102
PL-0103,ST-33,CT-0014,Tamil Nadu,Hogenakkal,Hogenakkal View Point,,Viewpoint,,,12.116003,77.778321,"Pennagaram, Hogenakkal, Tamil Nadu 636810",https://www.google.com/maps/place/?q=place_id:ChIJNQNpJh2jrjsRkC3bGTATGdc,4.4,852,,,,,,INR,,,Nature,Viewpoint,,Unknown,Unknown,,,,,,,,,,,False,False,False,False,"Nature Lovers,Photography",,SRC-0103
PL-0104,ST-33,CT-0014,Tamil Nadu,Hogenakkal,Hogenakkal Coracle Boating,,Water Sports,Traditional round coracle (parisal) rides through the falls,Traditional round coracle (parisal) rides through the falls,12.115716,77.779784,"Oottamalai, Hogenakkal, Tamil Nadu 636810",https://www.google.com/maps/place/?q=place_id:ChIJq71h7R2jrjsRLdatNzep-6o,4.4,400,,,,,,INR,,,Adventure,Water Sports,,Unknown,Unknown,,,,,,,,,,,False,False,False,False,"Adventure,Friends",,SRC-0104
PL-0105,ST-33,CT-0015,Tamil Nadu,Chettinad,Chettinad Palace (Kanadukathan),,Palace,Chettiar mansion showcasing Chettinad architecture,Chettiar mansion showcasing Chettinad architecture,10.174551,78.779353,"Kanadukathan, Tamil Nadu 630103",https://www.google.com/maps/place/?q=place_id:ChIJ2WcUpTlkADsR_IzLYpS8SbQ,4.3,3108,,,,,,INR,,,Heritage,Palace,,Unknown,Unknown,,,,,,,,,,,True,False,False,False,"History Lovers,Photography",,SRC-0105
PL-0106,ST-33,CT-0015,Tamil Nadu,Chettinad,Athangudi Palace (Periya Veedu),,Mansion,"Italian marble, Burma teak and Athangudi tile architecture","Italian marble, Burma teak and Athangudi tile architecture",10.153991,78.726485,"East Coast Rd, Aranmanaipatti, Tamil Nadu 630101",https://www.google.com/maps/place/?q=place_id:ChIJz0ouil9hADsRPptIpIhtaEo,4.4,2495,,,,,,INR,,,Heritage,Mansion,,Unknown,Unknown,,,,,,,,,,,True,False,False,False,"History Lovers,Photography",,SRC-0106
PL-0107,ST-33,CT-0015,Tamil Nadu,Chettinad,"VVR Heritage House, Kanadukathan",,Mansion,"Smaller, lesser-visited heritage home open to visitors","Smaller, lesser-visited heritage home open to visitors",10.17591,78.77754,"Kanadukathan, Tamil Nadu 630103",https://www.google.com/maps/place/?q=place_id:ChIJcT-ylRxlADsRwOiNwfK-FzQ,4.0,85,,,,,,INR,,,Heritage,Mansion,,Unknown,Unknown,,,,,,,,,,,False,False,True,False,"History Lovers,Photography",,SRC-0107
PL-0108,ST-33,CT-0015,Tamil Nadu,Chettinad,Chettinadu Mansion Heritage Stay,,Heritage Stay,Century-old Chettinad mansion converted to a heritage hotel,Century-old Chettinad mansion converted to a heritage hotel,10.174427,78.781303,"11 A.R. Street, Kanadukathan, Tamil Nadu 630103",https://www.google.com/maps/place/?q=place_id:ChIJB6Er2TlkADsR7xotrvJc7JU,4.3,1047,,,,,,INR,,,Heritage,Heritage Stay,,Unknown,Unknown,,,,,,,,,,,True,False,False,False,"History Lovers,Photography","lodging,heritage_stay",SRC-0108
PL-0109,ST-33,CT-0015,Tamil Nadu,Chettinad,"Thousand Windows House, Karaikudi",,Mansion,Viewable from outside only; not internally maintained,Viewable from outside only; not internally maintained,10.070266,78.772407,"Jawahar Street, Karaikudi, Tamil Nadu 630001",https://www.google.com/maps/place/?q=place_id:ChIJf9jVWWBnADsR-e-msP81R98,3.9,571,,,,,,INR,,,Heritage,Mansion,,Unknown,Unknown,,,,,,,,,,,False,False,False,False,"History Lovers,Photography",,SRC-0109
PL-0110,ST-33,CT-0015,Tamil Nadu,Chettinad,"Alagappa Chettiar Museum, Karaikudi",,Museum,Low-footfall museum on the life of philanthropist Alagappa Chettiar,Low-footfall museum on the life of philanthropist Alagappa Chettiar,10.079112,78.789008,"Alagappa Puram, Karaikudi, Tamil Nadu 630003",https://www.google.com/maps/place/?q=place_id:ChIJyV7a3nlnADsRE0KzokFyznw,4.6,291,,,,,,INR,,,Heritage,Museum,,Unknown,Unknown,,,,,,,,,,,False,False,False,False,"History Lovers,Photography","museum,park",SRC-0110
PL-0111,ST-33,CT-0016,Tamil Nadu,Vellore,Vellore Fort,,Fort,"16th-century Vijayanagara-era fort with a temple, church and mosque inside","16th-century Vijayanagara-era fort with a temple, church and mosque inside",12.921089,79.129471,"Balaji Nagar, Vellore, Tamil Nadu 632004",https://www.google.com/maps/place/?q=place_id:ChIJE6vB5sA4rTsRo8qGLhiADtQ,4.3,30708,,,,,,INR,,,History,Fort,,Unknown,Unknown,,,,,,,,,,,True,False,False,True,"History Lovers,Photography",event_venue,SRC-0111
PL-0112,ST-33,CT-0016,Tamil Nadu,Vellore,Vellore Fort Park,,Park,,,12.919915,79.131405,"Archaelogical Road, Vellore, Tamil Nadu 632004",https://www.google.com/maps/place/?q=place_id:ChIJx1GmzcE4rTsREGswQAVxsm8,4.3,5774,,,,,,INR,,,Nature,Park,,Unknown,Unknown,,,,,,,,,,,True,False,False,False,"Nature Lovers,Photography",park,SRC-0112
PL-0113,ST-33,CT-0016,Tamil Nadu,Vellore,Sajra Fort (Hill Trek),,Trekking Spot,Unmarked moderate hill trek above Vellore with a hilltop fort and city views; little-known relative to the main fort,Unmarked moderate hill trek above Vellore with a hilltop fort and city views; little-known relative to the main fort,12.925264,79.146777,"Vellore, Tamil Nadu 632012",https://www.google.com/maps/place/?q=place_id:ChIJBXyrII04rTsRsm4U_gmeKXo,4.3,331,,,,,,INR,,,Adventure,Trekking Spot,,Unknown,Moderate,,,,,,,,,,,False,False,True,False,"Adventure,Friends",,SRC-0113
PL-0114,ST-33,CT-0016,Tamil Nadu,Vellore,Vellore Fort Garden,,Garden,Garden within the fort complex,Garden within the fort complex,12.921205,79.131657,"Archaeological Survey of India, Vellore, Tamil Nadu 632004",https://www.google.com/maps/place/?q=place_id:ChIJJbXgJMA4rTsRFPKFxiAX22M,4.4,166,,,,,,INR,,,Nature,Garden,,Unknown,Unknown,,,,,,,,,,,False,False,False,False,"Nature Lovers,Photography",garden,SRC-0114
PL-0115,ST-33,CT-0016,Tamil Nadu,Vellore,Tipu and Haider Mahal,,Palace,180+200-room Mahal complex within Vellore Fort; currently closed to the public,180+200-room Mahal complex within Vellore Fort; currently closed to the public,12.920204,79.126805,"Balaji Nagar, Vellore, Tamil Nadu 632004",https://www.google.com/maps/place/?q=place_id:ChIJPzBz1cA4rTsRY33eSYx-kJU,4.1,514,,,,,,INR,,,Heritage,Palace,,Unknown,Unknown,,,,,,,,,,,False,False,False,False,"History Lovers,Photography",historical_place,SRC-0115
PL-0116,ST-33,CT-0017,Tamil Nadu,Tiruvannamalai,Annamalaiyar Temple (Arunachaleswarar),,Temple,One of the Pancha Bhoota Sthalams (fire element); site of the annual Girivalam circumambulation,One of the Pancha Bhoota Sthalams (fire element); site of the annual Girivalam circumambulation,12.231646,79.06774,"Pavazhakundur, Tiruvannamalai, Tamil Nadu 606601",https://www.google.com/maps/place/?q=place_id:ChIJ6x52jIjArDsRsvLR2S3luys,4.7,47291,,,,,,INR,,,Spiritual,Temple,,Unknown,Unknown,,,,,,,,,,,True,False,False,True,Spiritual Travelers,"hindu_temple,place_of_worship",SRC-0116
PL-0117,ST-33,CT-0018,Tamil Nadu,Yelagiri,Yelagiri Forest Hill,,Hill,30 sq km hill conservation area at ~1110m elevation; quieter than other TN hill stations,30 sq km hill conservation area at ~1110m elevation; quieter than other TN hill stations,12.602664,78.651221,"Vallipattu, Tamil Nadu 635853",https://www.google.com/maps/place/?q=place_id:ChIJY8RbCwYArTsRNpoGagnjZjA,4.2,10560,,,,,,INR,,,Nature,Hill,,Unknown,Unknown,,,,,,,,,,,True,False,True,False,"Nature Lovers,Photography","nature_preserve,park",SRC-0117
PL-0118,ST-33,CT-0019,Tamil Nadu,Pichavaram,Pichavaram Mangrove Forest,,Nature Spot,Second-largest mangrove forest in the world; boat rides through narrow mangrove channels,Second-largest mangrove forest in the world; boat rides through narrow mangrove channels,11.431882,79.781047,"Killai, Vadakku Pichavaram, Tamil Nadu 608002",https://www.google.com/maps/place/?q=place_id:ChIJv-IF0mTpVDoRtbo_l7a_2GU,4.5,23611,,,,,,INR,,,Nature,Nature Spot,,Unknown,Unknown,,,,,,,,,,,True,False,False,True,"Nature Lovers,Photography","national_park,park",SRC-0118
